ID,Species
image_10000.jpeg,Carabus_granulatus
image_10001.jpeg,Agonum_sexpunctatum
image_10002.jpeg,Ilyocoris_cimicoides
image_10003.jpg,Carabus_nemoralis
image_10004.jpeg,Carabus_problematicus
image_10005.jpeg,Agonum_sexpunctatum
image_10006.jpeg,Ischnodemus_sabuleti
image_10007.jpeg,Carabus_granulatus
image_10008.jpg,Agonum_muelleri
image_10009.jpeg,Nabis_brevis
image_10010.jpeg,Lygocoris_pabulinus
image_10011.jpeg,Rhinocoris_iracundus
image_10012.jpeg,Agonum_sexpunctatum
image_10013.jpeg,Carabus_cancellatus
image_10014.jpg,Nabis_brevis
image_10015.jpeg,Ilyocoris_cimicoides
image_10016.jpg,Bembidion_lampros
image_10017.jpeg,Carabus_convexus
image_10018.jpeg,Carabus_coriaceus
image_10019.jpeg,Adelphocoris_seticornis
image_10020.jpeg,Carabus_coriaceus
image_10021.jpeg,Stenodema_laevigatum
image_10022.jpeg,Agonum_muelleri
image_10023.jpeg,Coreus_marginatus
image_10024.jpeg,Aelia_acuminata
image_10025.jpeg,Aelia_acuminata
image_10026.jpeg,Agonum_sexpunctatum
image_10027.jpeg,Carabus_granulatus
image_10028.jpg,Nebria_brevicollis
image_10029.jpeg,Nabis_brevis
image_10030.jpg,Lygaeus_equestris
image_10031.jpg,Bembidion_tetracolum
image_10032.jpg,Ischnodemus_sabuleti
image_10033.jpeg,Carabus_problematicus
image_10034.jpeg,Coreus_marginatus
image_10035.jpeg,Carabus_coriaceus
image_10036.jpeg,Agonum_sexpunctatum
image_10037.jpg,Ischnodemus_sabuleti
image_10038.jpeg,Aelia_acuminata
image_10039.jpg,Agonum_marginatum
image_10040.jpeg,Lygaeus_equestris
image_10041.jpeg,Lygaeus_equestris
image_10042.jpeg,Carabus_problematicus
image_10043.jpeg,Carabus_auratus
image_10044.jpeg,Carabus_problematicus
image_10045.jpeg,Agonum_marginatum
image_10046.jpg,Aelia_acuminata
image_10047.jpeg,Nebria_brevicollis
image_10048.jpg,Agonum_muelleri
image_10049.jpg,Bembidion_tetracolum
image_10050.jpg,Eresus_annulatus
image_10051.jpg,Rhinocoris_iracundus
image_10052.jpg,Bembidion_quadrimaculatum
image_10053.png,Nebria_brevicollis
image_10054.jpg,Agonum_muelleri
image_10055.jpeg,Carabus_granulatus
image_10056.jpeg,Agonum_muelleri
image_10057.jpeg,Aelia_acuminata
image_10058.jpeg,Graphosoma_lineatum
image_10059.jpeg,Bembidion_quadrimaculatum
image_10060.jpeg,Carabus_problematicus
image_10061.jpeg,Carabus_auratus
image_10062.jpeg,Lygaeus_equestris
image_10063.jpeg,Carabus_cancellatus
image_10064.jpg,Leistus_ferrugineus
image_10065.jpg,Capsodes_gothicus
image_10066.jpeg,Dolycoris_baccarum
image_10067.jpeg,Lygus_pratensis
image_10068.jpeg,Corizus_hyoscyami
image_10069.jpeg,Nepa_cinerea
image_10070.jpeg,Rhinocoris_iracundus
image_10071.jpeg,Aelia_acuminata
image_10072.jpeg,Lygaeus_equestris
image_10073.jpeg,Bembidion_lampros
image_10074.jpeg,Nepa_cinerea
image_10075.jpg,Bembidion_tetracolum
image_10076.jpeg,Carabus_coriaceus
image_10077.jpg,Agonum_sexpunctatum
image_10078.jpeg,Carabus_cancellatus
image_10079.jpeg,Carabus_auratus
image_10080.jpeg,Bembidion_lampros
image_10081.jpeg,Agonum_marginatum
image_10082.jpeg,Nebria_brevicollis
image_10083.jpg,Dolycoris_baccarum
image_10084.jpg,Carabus_auronitens
image_10085.jpeg,Carabus_coriaceus
image_10086.jpeg,Eresus_annulatus
image_10087.jpeg,Corizus_hyoscyami
image_10088.jpeg,Bembidion_quadrimaculatum
image_10089.jpeg,Lygus_pratensis
image_10090.jpeg,Lygus_pratensis
image_10091.jpeg,Capsodes_gothicus
image_10092.jpeg,Hydrometra_stagnorum
image_10093.jpg,Eresus_annulatus
image_10094.jpg,Ischnodemus_sabuleti
image_10095.jpeg,Lygocoris_pabulinus
image_10096.jpeg,Corizus_hyoscyami
image_10097.jpg,Agonum_muelleri
image_10098.jpeg,Alydus_calcaratus
image_10099.jpeg,Carabus_convexus
image_10100.jpeg,Carpocoris_purpureipennis
image_10101.jpeg,Lygus_pratensis
image_10102.jpg,Nabis_brevis
image_10103.jpeg,Capsodes_gothicus
image_10104.jpeg,Carabus_problematicus
image_10105.jpeg,Carabus_problematicus
image_10106.jpg,Bembidion_tetracolum
image_10107.jpg,Bembidion_tetracolum
image_10108.jpg,Agonum_sexpunctatum
image_10109.jpeg,Agonum_sexpunctatum
image_10110.jpg,Lygus_pratensis
image_10111.jpeg,Carabus_granulatus
image_10112.jpg,Lygus_pratensis
image_10113.jpeg,Ischnodemus_sabuleti
image_10114.jpeg,Carabus_auronitens
image_10115.jpg,Bembidion_lampros
image_10116.jpeg,Carabus_cancellatus
image_10117.jpeg,Carabus_convexus
image_10118.jpeg,Carabus_coriaceus
image_10119.jpg,Agonum_muelleri
image_10120.jpeg,Hydrometra_stagnorum
image_10121.jpeg,Lygaeus_equestris
image_10122.jpg,Carabus_granulatus
image_10123.jpeg,Carabus_cancellatus
image_10124.jpeg,Agonum_marginatum
image_10125.jpeg,Aelia_acuminata
image_10126.jpeg,Aelia_acuminata
image_10127.jpeg,Carabus_auratus
image_10128.jpg,Adelphocoris_seticornis
image_10129.jpeg,Bembidion_tetracolum
image_10130.jpeg,Lygus_pratensis
image_10131.jpg,Stenodema_laevigatum
image_10132.jpeg,Eresus_annulatus
image_10133.jpeg,Bembidion_quadrimaculatum
image_10134.jpg,Bembidion_quadrimaculatum
image_10135.jpg,Carabus_coriaceus
image_10136.jpeg,Alydus_calcaratus
image_10137.jpeg,Bembidion_quadrimaculatum
image_10138.jpeg,Adelphocoris_seticornis
image_10139.jpeg,Agonum_muelleri
image_10140.jpg,Agonum_marginatum
image_10141.jpeg,Ischnodemus_sabuleti
image_10142.jpeg,Carabus_nemoralis
image_10143.jpeg,Ilyocoris_cimicoides
image_10144.jpeg,Carpocoris_purpureipennis
image_10145.jpeg,Carabus_coriaceus
image_10146.jpg,Stenodema_laevigatum
image_10147.jpeg,Ischnodemus_sabuleti
image_10148.jpg,Carabus_granulatus
image_10149.jpeg,Coreus_marginatus
image_10150.jpeg,Carabus_auronitens
image_10151.jpeg,Adelphocoris_seticornis
image_10152.jpeg,Carabus_monilis
image_10153.jpg,Bembidion_quadrimaculatum
image_10154.jpeg,Carabus_monilis
image_10155.jpeg,Agonum_sexpunctatum
image_10156.jpeg,Carabus_nemoralis
image_10157.jpeg,Carabus_cancellatus
image_10158.jpeg,Carabus_nemoralis
image_10159.jpeg,Carabus_auratus
image_10160.jpg,Dolycoris_baccarum
image_10161.jpeg,Carabus_nemoralis
image_10162.jpg,Leistus_ferrugineus
image_10163.jpeg,Agonum_sexpunctatum
image_10164.jpeg,Adelphocoris_seticornis
image_10165.jpeg,Rhinocoris_iracundus
image_10166.jpeg,Eresus_annulatus
image_10167.jpg,Adelphocoris_seticornis
image_10168.jpg,Leistus_ferrugineus
image_10169.jpeg,Bembidion_tetracolum
image_10170.jpeg,Agonum_muelleri
image_10171.jpeg,Corizus_hyoscyami
image_10172.jpeg,Hydrometra_stagnorum
image_10173.jpg,Bembidion_tetracolum
image_10174.jpeg,Nabis_brevis
image_10175.jpeg,Agonum_sexpunctatum
image_10176.jpeg,Dolycoris_baccarum
image_10177.jpeg,Stenodema_laevigatum
image_10178.jpeg,Carabus_granulatus
image_10179.jpeg,Nebria_brevicollis
image_10180.jpeg,Corizus_hyoscyami
image_10181.jpeg,Carabus_granulatus
image_10182.jpeg,Adelphocoris_seticornis
image_10183.jpg,Carabus_cancellatus
image_10184.jpeg,Bembidion_quadrimaculatum
image_10185.jpeg,Agonum_sexpunctatum
image_10186.jpeg,Stenodema_laevigatum
image_10187.jpeg,Hydrometra_stagnorum
image_10188.jpeg,Coreus_marginatus
image_10189.jpeg,Bembidion_tetracolum
image_10190.jpg,Agonum_sexpunctatum
image_10191.jpeg,Agonum_marginatum
image_10192.jpeg,Carabus_problematicus
image_10193.jpeg,Carabus_coriaceus
image_10194.jpg,Agonum_sexpunctatum
image_10195.jpg,Leistus_ferrugineus
image_10196.jpg,Corizus_hyoscyami
image_10197.jpeg,Adelphocoris_seticornis
image_10198.jpeg,Agonum_sexpunctatum
image_10199.jpeg,Carabus_convexus
image_10200.jpeg,Agonum_muelleri
image_10201.jpg,Carabus_auratus
image_10202.jpeg,Coreus_marginatus
image_10203.jpeg,Lygus_pratensis
image_10204.jpeg,Ilyocoris_cimicoides
image_10205.jpeg,Carabus_coriaceus
image_10206.jpeg,Carabus_auratus
image_10207.jpeg,Stenodema_laevigatum
image_10208.jpeg,Agonum_marginatum
image_10209.jpeg,Hydrometra_stagnorum
image_10210.jpeg,Coreus_marginatus
image_10211.jpeg,Carpocoris_purpureipennis
image_10212.jpeg,Aelia_acuminata
image_10213.jpg,Carabus_cancellatus
image_10214.jpeg,Ilyocoris_cimicoides
image_10215.jpeg,Ilyocoris_cimicoides
image_10216.jpeg,Graphosoma_lineatum
image_10217.jpeg,Graphosoma_lineatum
image_10218.jpeg,Bembidion_quadrimaculatum
image_10219.jpeg,Carabus_nemoralis
image_10220.jpeg,Nebria_brevicollis
image_10221.jpeg,Stenodema_laevigatum
image_10222.jpeg,Carabus_problematicus
image_10223.jpeg,Agonum_sexpunctatum
image_10224.jpeg,Agonum_sexpunctatum
image_10225.jpeg,Coreus_marginatus
image_10226.jpeg,Carpocoris_purpureipennis
image_10227.jpeg,Carabus_auronitens
image_10228.jpeg,Adelphocoris_seticornis
image_10229.jpg,Eresus_annulatus
image_10230.jpeg,Carpocoris_purpureipennis
image_10231.jpeg,Graphosoma_lineatum
image_10232.jpg,Eresus_annulatus
image_10233.jpeg,Carabus_monilis
image_10234.jpeg,Lygocoris_pabulinus
image_10235.jpeg,Aelia_acuminata
image_10236.jpeg,Nabis_brevis
image_10237.jpeg,Hydrometra_stagnorum
image_10238.jpeg,Corizus_hyoscyami
image_10239.jpeg,Carabus_cancellatus
image_10240.jpeg,Graphosoma_lineatum
image_10241.jpg,Ischnodemus_sabuleti
image_10242.jpeg,Nabis_brevis
image_10243.jpeg,Carabus_nemoralis
image_10244.jpeg,Carabus_monilis
image_10245.jpg,Carabus_auratus
image_10246.jpeg,Alydus_calcaratus
image_10247.jpg,Nepa_cinerea
image_10248.jpg,Leistus_ferrugineus
image_10249.jpeg,Aelia_acuminata
image_10250.jpeg,Dolycoris_baccarum
image_10251.jpeg,Ilyocoris_cimicoides
image_10252.jpg,Carabus_granulatus
image_10253.jpeg,Carabus_auratus
image_10254.jpeg,Graphosoma_lineatum
image_10255.jpeg,Ilyocoris_cimicoides
image_10256.jpg,Coreus_marginatus
image_10257.jpeg,Lygaeus_equestris
image_10258.jpg,Ischnodemus_sabuleti
image_10259.jpeg,Lygocoris_pabulinus
image_10260.jpg,Lygus_pratensis
image_10261.jpg,Carabus_problematicus
image_10262.jpeg,Lygocoris_pabulinus
image_10263.jpg,Graphosoma_lineatum
image_10264.jpeg,Bembidion_quadrimaculatum
image_10265.jpg,Agonum_muelleri
image_10266.jpg,Corizus_hyoscyami
image_10267.jpeg,Stenodema_laevigatum
image_10268.jpeg,Carabus_granulatus
image_10269.jpeg,Corizus_hyoscyami
image_10270.jpeg,Lygaeus_equestris
image_10271.jpeg,Rhinocoris_iracundus
image_10272.jpeg,Carpocoris_purpureipennis
image_10273.jpg,Eresus_annulatus
image_10274.jpeg,Leistus_ferrugineus
image_10275.jpeg,Agonum_sexpunctatum
image_10276.jpeg,Lygaeus_equestris
image_10277.jpeg,Carabus_auronitens
image_10278.jpeg,Carabus_cancellatus
image_10279.jpg,Lygocoris_pabulinus
image_10280.jpg,Carabus_nemoralis
image_10281.jpeg,Adelphocoris_seticornis
image_10282.jpeg,Dolycoris_baccarum
image_10283.jpeg,Graphosoma_lineatum
image_10284.jpeg,Alydus_calcaratus
image_10285.jpg,Carabus_nemoralis
image_10286.jpeg,Carabus_coriaceus
image_10287.jpeg,Aelia_acuminata
image_10288.jpg,Alydus_calcaratus
image_10289.jpg,Lygaeus_equestris
image_10290.jpeg,Alydus_calcaratus
image_10291.jpeg,Coreus_marginatus
image_10292.jpeg,Carabus_convexus
image_10293.jpeg,Carabus_problematicus
image_10294.jpg,Agonum_sexpunctatum
image_10295.jpg,Carabus_auronitens
image_10296.jpg,Leistus_ferrugineus
image_10297.jpg,Bembidion_quadrimaculatum
image_10298.jpeg,Agonum_marginatum
image_10299.jpeg,Bembidion_tetracolum
image_10300.jpeg,Ischnodemus_sabuleti
image_10301.jpeg,Lygus_pratensis
image_10302.jpeg,Eresus_annulatus
image_10303.jpeg,Corizus_hyoscyami
image_10304.jpeg,Nebria_brevicollis
image_10305.jpg,Rhinocoris_iracundus
image_10306.jpeg,Carabus_auronitens
image_10307.jpeg,Carpocoris_purpureipennis
image_10308.jpeg,Alydus_calcaratus
image_10309.jpeg,Nebria_brevicollis
image_10310.jpg,Bembidion_quadrimaculatum
image_10311.jpg,Bembidion_quadrimaculatum
image_10312.jpg,Agonum_muelleri
image_10313.jpeg,Bembidion_lampros
image_10314.jpeg,Lygaeus_equestris
image_10315.jpg,Bembidion_tetracolum
image_10316.jpeg,Carabus_auronitens
image_10317.jpeg,Carabus_nemoralis
image_10318.jpeg,Agonum_muelleri
image_10319.jpeg,Bembidion_tetracolum
image_10320.jpeg,Adelphocoris_seticornis
image_10321.jpg,Ischnodemus_sabuleti
image_10322.jpeg,Bembidion_quadrimaculatum
image_10323.jpeg,Carabus_cancellatus
image_10324.jpeg,Carabus_monilis
image_10325.jpeg,Nabis_brevis
image_10326.jpg,Carpocoris_purpureipennis
image_10327.jpeg,Corizus_hyoscyami
image_10328.jpg,Bembidion_tetracolum
image_10329.jpg,Carabus_auronitens
image_10330.jpg,Lygus_pratensis
image_10331.jpeg,Carabus_granulatus
image_10332.jpeg,Carabus_cancellatus
image_10333.jpeg,Agonum_sexpunctatum
image_10334.jpeg,Rhinocoris_iracundus
image_10335.jpg,Bembidion_quadrimaculatum
image_10336.jpeg,Graphosoma_lineatum
image_10337.jpg,Carabus_coriaceus
image_10338.jpeg,Carabus_cancellatus
image_10339.jpeg,Hydrometra_stagnorum
image_10340.jpg,Carabus_problematicus
image_10341.jpeg,Corizus_hyoscyami
image_10342.jpeg,Carabus_cancellatus
image_10343.jpeg,Stenodema_laevigatum
image_10344.jpeg,Nebria_brevicollis
image_10345.jpg,Graphosoma_lineatum
image_10346.png,Stenodema_laevigatum
image_10347.jpeg,Coreus_marginatus
image_10348.jpeg,Nebria_brevicollis
image_10349.jpeg,Carabus_auratus
image_10350.jpeg,Hydrometra_stagnorum
image_10351.jpeg,Ilyocoris_cimicoides
image_10352.jpg,Dolycoris_baccarum
image_10353.jpeg,Agonum_sexpunctatum
image_10354.jpg,Rhinocoris_iracundus
image_10355.jpeg,Graphosoma_lineatum
image_10356.jpg,Bembidion_tetracolum
image_10357.jpeg,Ischnodemus_sabuleti
image_10358.jpg,Agonum_sexpunctatum
image_10359.jpeg,Stenodema_laevigatum
image_10360.jpeg,Bembidion_lampros
image_10361.jpeg,Carabus_convexus
image_10362.jpeg,Agonum_muelleri
image_10363.jpeg,Adelphocoris_seticornis
image_10364.jpeg,Ischnodemus_sabuleti
image_10365.jpeg,Carabus_auronitens
image_10366.jpg,Corizus_hyoscyami
image_10367.jpeg,Carabus_convexus
image_10368.jpeg,Carabus_coriaceus
image_10369.jpeg,Dolycoris_baccarum
image_10370.jpg,Lygocoris_pabulinus
image_10371.jpeg,Adelphocoris_seticornis
image_10372.jpeg,Nebria_brevicollis
image_10373.jpeg,Bembidion_quadrimaculatum
image_10374.jpg,Carpocoris_purpureipennis
image_10375.jpg,Dolycoris_baccarum
image_10376.jpeg,Carabus_monilis
image_10377.jpeg,Carabus_convexus
image_10378.jpeg,Nebria_brevicollis
image_10379.jpg,Eresus_annulatus
image_10380.jpeg,Carabus_convexus
image_10381.jpeg,Ischnodemus_sabuleti
image_10382.jpg,Carpocoris_purpureipennis
image_10383.jpeg,Carpocoris_purpureipennis
image_10384.jpg,Carabus_granulatus
image_10385.jpeg,Alydus_calcaratus
image_10386.jpeg,Lygus_pratensis
image_10387.jpeg,Rhinocoris_iracundus
image_10388.jpg,Dolycoris_baccarum
image_10389.jpeg,Carabus_cancellatus
image_10390.jpeg,Rhinocoris_iracundus
image_10391.jpg,Eresus_annulatus
image_10392.jpg,Adelphocoris_seticornis
image_10393.jpeg,Carabus_problematicus
image_10394.jpg,Agonum_marginatum
image_10395.jpg,Carabus_coriaceus
image_10396.jpeg,Lygaeus_equestris
image_10397.jpeg,Bembidion_lampros
image_10398.jpg,Eresus_annulatus
image_10399.jpeg,Aelia_acuminata
image_10400.jpg,Hydrometra_stagnorum
image_10401.jpeg,Graphosoma_lineatum
image_10402.jpeg,Carabus_convexus
image_10403.jpg,Ischnodemus_sabuleti
image_10404.jpeg,Leistus_ferrugineus
image_10405.jpg,Carabus_auratus
image_10406.jpg,Agonum_muelleri
image_10407.jpeg,Nepa_cinerea
image_10408.jpeg,Hydrometra_stagnorum
image_10409.jpeg,Stenodema_laevigatum
image_10410.jpg,Capsodes_gothicus
image_10411.jpeg,Carabus_convexus
image_10412.jpeg,Carabus_coriaceus
image_10413.jpeg,Graphosoma_lineatum
image_10414.jpg,Bembidion_lampros
image_10415.jpeg,Corizus_hyoscyami
image_10416.jpg,Alydus_calcaratus
image_10417.jpeg,Carabus_problematicus
image_10418.jpeg,Graphosoma_lineatum
image_10419.jpeg,Coreus_marginatus
image_10420.jpg,Agonum_muelleri
image_10421.jpeg,Carabus_granulatus
image_10422.jpeg,Carabus_auronitens
image_10423.jpeg,Carabus_granulatus
image_10424.jpeg,Bembidion_quadrimaculatum
image_10425.jpg,Leistus_ferrugineus
image_10426.jpeg,Lygocoris_pabulinus
image_10427.jpeg,Carabus_cancellatus
image_10428.jpeg,Carabus_monilis
image_10429.jpeg,Bembidion_tetracolum
image_10430.jpeg,Lygocoris_pabulinus
image_10431.jpeg,Adelphocoris_seticornis
image_10432.jpeg,Nabis_brevis
image_10433.jpeg,Carabus_nemoralis
image_10434.jpg,Bembidion_tetracolum
image_10435.jpeg,Aelia_acuminata
image_10436.jpg,Leistus_ferrugineus
image_10437.jpeg,Carpocoris_purpureipennis
image_10438.jpeg,Ilyocoris_cimicoides
image_10439.jpeg,Carabus_granulatus
image_10440.jpeg,Bembidion_lampros
image_10441.jpeg,Carabus_nemoralis
image_10442.jpg,Stenodema_laevigatum
image_10443.jpeg,Carabus_monilis
image_10444.jpeg,Carabus_convexus
image_10445.jpeg,Carabus_monilis
image_10446.jpg,Agonum_sexpunctatum
image_10447.jpeg,Agonum_sexpunctatum
image_10448.jpeg,Nabis_brevis
image_10449.jpg,Bembidion_tetracolum
image_10450.jpeg,Bembidion_lampros
image_10451.jpg,Capsodes_gothicus
image_10452.jpg,Agonum_marginatum
image_10453.jpg,Bembidion_tetracolum
image_10454.jpeg,Bembidion_lampros
image_10455.jpeg,Lygus_pratensis
image_10456.jpeg,Carabus_auronitens
image_10457.jpeg,Dolycoris_baccarum
image_10458.jpeg,Carabus_problematicus
image_10459.jpg,Carabus_auronitens
image_10460.jpeg,Dolycoris_baccarum
image_10461.jpeg,Corizus_hyoscyami
image_10462.jpeg,Lygaeus_equestris
image_10463.jpg,Graphosoma_lineatum
image_10464.jpg,Nabis_brevis
image_10465.jpeg,Carabus_convexus
image_10466.jpeg,Lygaeus_equestris
image_10467.jpeg,Carpocoris_purpureipennis
image_10468.jpeg,Lygocoris_pabulinus
image_10469.jpg,Capsodes_gothicus
image_10470.jpg,Nabis_brevis
image_10471.jpg,Carabus_convexus
image_10472.jpg,Eresus_annulatus
image_10473.jpeg,Rhinocoris_iracundus
image_10474.jpg,Lygocoris_pabulinus
image_10475.jpeg,Stenodema_laevigatum
image_10476.jpg,Coreus_marginatus
image_10477.jpeg,Bembidion_quadrimaculatum
image_10478.jpg,Bembidion_lampros
image_10479.jpg,Carpocoris_purpureipennis
image_10480.jpeg,Bembidion_lampros
image_10481.jpg,Bembidion_lampros
image_10482.jpg,Carabus_nemoralis
image_10483.jpg,Eresus_annulatus
image_10484.jpg,Carpocoris_purpureipennis
image_10485.jpeg,Lygocoris_pabulinus
image_10486.jpg,Carpocoris_purpureipennis
image_10487.jpg,Eresus_annulatus
image_10488.jpeg,Lygus_pratensis
image_10489.jpeg,Carabus_nemoralis
image_10490.jpeg,Agonum_muelleri
image_10491.jpeg,Bembidion_lampros
image_10492.jpg,Carabus_coriaceus
image_10493.jpeg,Coreus_marginatus
image_10494.jpeg,Agonum_sexpunctatum
image_10495.jpg,Leistus_ferrugineus
image_10496.jpeg,Carabus_monilis
image_10497.jpg,Carabus_cancellatus
image_10498.jpg,Agonum_marginatum
image_10499.jpeg,Coreus_marginatus
image_10500.jpeg,Carabus_monilis
image_10501.jpeg,Agonum_marginatum
image_10502.jpeg,Dolycoris_baccarum
image_10503.jpeg,Corizus_hyoscyami
image_10504.jpeg,Carabus_granulatus
image_10505.jpeg,Bembidion_quadrimaculatum
image_10506.jpg,Carabus_convexus
image_10507.jpeg,Carabus_monilis
image_10508.jpeg,Nepa_cinerea
image_10509.jpeg,Nabis_brevis
image_10510.jpeg,Carabus_nemoralis
image_10511.jpeg,Carabus_problematicus
image_10512.jpg,Graphosoma_lineatum
image_10513.jpeg,Rhinocoris_iracundus
image_10514.jpg,Bembidion_quadrimaculatum
image_10515.jpeg,Carabus_coriaceus
image_10516.jpg,Eresus_annulatus
image_10517.jpeg,Carabus_granulatus
image_10518.jpeg,Carabus_cancellatus
image_10519.jpeg,Hydrometra_stagnorum
image_10520.jpeg,Carabus_granulatus
image_10521.jpeg,Adelphocoris_seticornis
image_10522.jpg,Carpocoris_purpureipennis
image_10523.jpeg,Alydus_calcaratus
image_10524.jpeg,Carabus_convexus
image_10525.jpg,Carpocoris_purpureipennis
image_10526.jpeg,Bembidion_tetracolum
image_10527.jpeg,Corizus_hyoscyami
image_10528.jpeg,Agonum_sexpunctatum
image_10529.jpg,Leistus_ferrugineus
image_10530.jpeg,Leistus_ferrugineus
image_10531.jpeg,Carabus_problematicus
image_10532.jpeg,Alydus_calcaratus
image_10533.jpg,Corizus_hyoscyami
image_10534.jpeg,Carabus_convexus
image_10535.jpeg,Leistus_ferrugineus
image_10536.jpeg,Bembidion_lampros
image_10537.jpeg,Carabus_problematicus
image_10538.jpeg,Alydus_calcaratus
image_10539.jpg,Nepa_cinerea
image_10540.jpeg,Carabus_auronitens
image_10541.jpeg,Hydrometra_stagnorum
image_10542.jpeg,Adelphocoris_seticornis
image_10543.jpeg,Capsodes_gothicus
image_10544.jpeg,Carabus_problematicus
image_10545.jpeg,Bembidion_lampros
image_10546.jpg,Nabis_brevis
image_10547.jpeg,Nepa_cinerea
image_10548.jpeg,Dolycoris_baccarum
image_10549.jpeg,Ilyocoris_cimicoides
image_10550.jpeg,Bembidion_quadrimaculatum
image_10551.jpeg,Nepa_cinerea
image_10552.jpeg,Carabus_nemoralis
image_10553.jpeg,Carabus_auronitens
image_10554.jpeg,Corizus_hyoscyami
image_10555.jpeg,Agonum_muelleri
image_10556.jpg,Nabis_brevis
image_10557.jpg,Ilyocoris_cimicoides
image_10558.jpeg,Aelia_acuminata
image_10559.jpeg,Lygaeus_equestris
image_10560.jpg,Carabus_granulatus
image_10561.png,Leistus_ferrugineus
image_10562.jpeg,Agonum_sexpunctatum
image_10563.jpg,Carabus_cancellatus
image_10564.jpg,Capsodes_gothicus
image_10565.jpeg,Graphosoma_lineatum
image_10566.jpeg,Carpocoris_purpureipennis
image_10567.jpeg,Carabus_auronitens
image_10568.jpg,Alydus_calcaratus
image_10569.jpg,Ischnodemus_sabuleti
image_10570.jpeg,Carabus_coriaceus
image_10571.jpeg,Lygocoris_pabulinus
image_10572.jpeg,Aelia_acuminata
image_10573.jpeg,Stenodema_laevigatum
image_10574.jpeg,Nebria_brevicollis
image_10575.jpeg,Nepa_cinerea
image_10576.jpeg,Adelphocoris_seticornis
image_10577.jpeg,Nebria_brevicollis
image_10578.jpeg,Carabus_convexus
image_10579.jpeg,Lygocoris_pabulinus
image_10580.jpeg,Nepa_cinerea
image_10581.jpg,Carpocoris_purpureipennis
image_10582.jpeg,Ischnodemus_sabuleti
image_10583.jpeg,Carabus_convexus
image_10584.jpeg,Nabis_brevis
image_10585.jpeg,Ilyocoris_cimicoides
image_10586.jpeg,Bembidion_tetracolum
image_10587.jpeg,Carabus_auronitens
image_10588.jpeg,Lygocoris_pabulinus
image_10589.jpg,Stenodema_laevigatum
image_10590.jpeg,Lygaeus_equestris
image_10591.jpeg,Alydus_calcaratus
image_10592.jpeg,Agonum_marginatum
image_10593.jpeg,Ilyocoris_cimicoides
image_10594.jpeg,Bembidion_quadrimaculatum
image_10595.jpg,Carabus_granulatus
image_10596.jpg,Agonum_muelleri
image_10597.jpg,Carabus_cancellatus
image_10598.jpg,Capsodes_gothicus
image_10599.jpeg,Bembidion_tetracolum
image_10600.jpg,Bembidion_tetracolum
image_10601.jpeg,Carabus_monilis
image_10602.jpg,Coreus_marginatus
image_10603.jpeg,Ilyocoris_cimicoides
image_10604.jpeg,Carabus_convexus
image_10605.jpeg,Lygaeus_equestris
image_10606.jpeg,Graphosoma_lineatum
image_10607.jpeg,Alydus_calcaratus
image_10608.jpg,Bembidion_tetracolum
image_10609.jpeg,Carabus_coriaceus
image_10610.jpeg,Leistus_ferrugineus
image_10611.jpg,Carabus_auratus
image_10612.jpeg,Carabus_auronitens
image_10613.jpeg,Graphosoma_lineatum
image_10614.jpeg,Carabus_convexus
image_10615.jpg,Nabis_brevis
image_10616.jpeg,Leistus_ferrugineus
image_10617.jpeg,Dolycoris_baccarum
image_10618.jpeg,Carpocoris_purpureipennis
image_10619.jpg,Carabus_granulatus
image_10620.jpg,Carpocoris_purpureipennis
image_10621.jpeg,Carabus_coriaceus
image_10622.jpeg,Carabus_coriaceus
image_10623.jpeg,Carabus_granulatus
image_10624.jpeg,Ilyocoris_cimicoides
image_10625.jpeg,Nabis_brevis
image_10626.jpg,Nepa_cinerea
image_10627.jpg,Bembidion_quadrimaculatum
image_10628.jpeg,Carabus_convexus
image_10629.jpeg,Agonum_marginatum
image_10630.jpg,Carabus_cancellatus
image_10631.jpg,Lygaeus_equestris
image_10632.jpeg,Eresus_annulatus
image_10633.jpeg,Carabus_problematicus
image_10634.jpg,Bembidion_quadrimaculatum
image_10635.jpeg,Carabus_monilis
image_10636.jpeg,Carabus_monilis
image_10637.jpeg,Nepa_cinerea
image_10638.jpeg,Carabus_convexus
image_10639.jpeg,Corizus_hyoscyami
image_10640.jpeg,Ischnodemus_sabuleti
image_10641.jpg,Leistus_ferrugineus
image_10642.jpeg,Corizus_hyoscyami
image_10643.jpeg,Nepa_cinerea
image_10644.jpg,Nabis_brevis
image_10645.jpg,Carabus_monilis
image_10646.jpeg,Nepa_cinerea
image_10647.jpeg,Carabus_granulatus
image_10648.jpg,Eresus_annulatus
image_10649.jpg,Carabus_cancellatus
image_10650.jpg,Ilyocoris_cimicoides
image_10651.jpg,Eresus_annulatus
image_10652.jpeg,Agonum_muelleri
image_10653.jpeg,Lygus_pratensis
image_10654.jpeg,Corizus_hyoscyami
image_10655.jpg,Ischnodemus_sabuleti
image_10656.jpg,Carabus_nemoralis
image_10657.jpeg,Rhinocoris_iracundus
image_10658.jpeg,Carabus_granulatus
image_10659.jpeg,Alydus_calcaratus
image_10660.jpeg,Carabus_auratus
image_10661.jpg,Ilyocoris_cimicoides
image_10662.jpg,Agonum_muelleri
image_10663.jpg,Adelphocoris_seticornis
image_10664.jpeg,Eresus_annulatus
image_10665.jpeg,Carabus_granulatus
image_10666.jpeg,Ilyocoris_cimicoides
image_10667.jpg,Carabus_granulatus
image_10668.jpeg,Bembidion_quadrimaculatum
image_10669.jpg,Agonum_muelleri
image_10670.jpg,Lygocoris_pabulinus
image_10671.jpeg,Carabus_auronitens
image_10672.jpeg,Leistus_ferrugineus
image_10673.jpeg,Rhinocoris_iracundus
image_10674.jpeg,Corizus_hyoscyami
image_10675.jpeg,Graphosoma_lineatum
image_10676.jpg,Aelia_acuminata
image_10677.jpeg,Agonum_marginatum
image_10678.jpeg,Bembidion_tetracolum
image_10679.jpeg,Carabus_auratus
image_10680.jpeg,Carabus_problematicus
image_10681.jpeg,Capsodes_gothicus
image_10682.jpeg,Hydrometra_stagnorum
image_10683.jpeg,Carabus_convexus
image_10684.jpg,Agonum_sexpunctatum
image_10685.jpeg,Agonum_muelleri
image_10686.jpeg,Carabus_nemoralis
image_10687.jpeg,Lygus_pratensis
image_10688.jpeg,Carabus_auronitens
image_10689.jpeg,Carabus_auronitens
image_10690.jpeg,Carabus_auratus
image_10691.jpeg,Dolycoris_baccarum
image_10692.jpeg,Aelia_acuminata
image_10693.jpeg,Carabus_cancellatus
image_10694.jpg,Carabus_nemoralis
image_10695.jpg,Adelphocoris_seticornis
image_10696.jpeg,Nabis_brevis
image_10697.jpeg,Agonum_marginatum
image_10698.jpg,Carabus_convexus
image_10699.jpeg,Carabus_coriaceus
image_10700.jpeg,Carabus_coriaceus
image_10701.jpeg,Ilyocoris_cimicoides
image_10702.jpeg,Aelia_acuminata
image_10703.jpeg,Carabus_auratus
image_10704.jpg,Carabus_auronitens
image_10705.jpg,Lygocoris_pabulinus
image_10706.jpg,Capsodes_gothicus
image_10707.jpeg,Carabus_convexus
image_10708.jpg,Eresus_annulatus
image_10709.jpeg,Bembidion_tetracolum
image_10710.jpeg,Agonum_muelleri
image_10711.jpg,Carabus_nemoralis
image_10712.jpeg,Nepa_cinerea
image_10713.jpeg,Carpocoris_purpureipennis
image_10714.jpeg,Lygaeus_equestris
image_10715.jpeg,Agonum_muelleri
image_10716.jpeg,Carabus_auratus
image_10717.jpg,Carpocoris_purpureipennis
image_10718.jpeg,Carabus_coriaceus
image_10719.jpeg,Carabus_cancellatus
image_10720.jpeg,Carabus_monilis
image_10721.jpeg,Bembidion_tetracolum
image_10722.jpeg,Stenodema_laevigatum
image_10723.jpeg,Rhinocoris_iracundus
image_10724.jpeg,Agonum_sexpunctatum
image_10725.jpeg,Carpocoris_purpureipennis
image_10726.jpeg,Agonum_sexpunctatum
image_10727.jpg,Eresus_annulatus
image_10728.jpg,Carabus_granulatus
image_10729.jpeg,Carabus_cancellatus
image_10730.jpg,Eresus_annulatus
image_10731.jpeg,Lygaeus_equestris
image_10732.jpeg,Stenodema_laevigatum
image_10733.jpeg,Lygaeus_equestris
image_10734.jpeg,Carabus_auronitens
image_10735.jpeg,Agonum_muelleri
image_10736.jpg,Lygus_pratensis
image_10737.jpg,Alydus_calcaratus
image_10738.jpeg,Graphosoma_lineatum
image_10739.jpg,Lygus_pratensis
image_10740.jpg,Rhinocoris_iracundus
image_10741.jpeg,Bembidion_lampros
image_8593.jpeg,Lygus_pratensis
image_8594.jpeg,Carabus_problematicus
image_8595.jpeg,Bembidion_quadrimaculatum
image_8596.jpeg,Carabus_auronitens
image_8597.jpg,Leistus_ferrugineus
image_8598.jpg,Capsodes_gothicus
image_8599.jpeg,Carabus_auronitens
image_8600.jpeg,Agonum_muelleri
image_8601.jpeg,Carabus_problematicus
image_8602.jpeg,Stenodema_laevigatum
image_8603.jpeg,Stenodema_laevigatum
image_8604.jpg,Eresus_annulatus
image_8605.jpeg,Nebria_brevicollis
image_8606.jpg,Adelphocoris_seticornis
image_8607.jpeg,Bembidion_lampros
image_8608.jpeg,Lygocoris_pabulinus
image_8609.jpeg,Carabus_auratus
image_8610.jpg,Bembidion_tetracolum
image_8611.jpeg,Adelphocoris_seticornis
image_8612.jpg,Nabis_brevis
image_8613.jpeg,Carpocoris_purpureipennis
image_8614.jpeg,Dolycoris_baccarum
image_8615.jpeg,Bembidion_lampros
image_8616.jpeg,Aelia_acuminata
image_8617.jpeg,Coreus_marginatus
image_8618.jpeg,Agonum_marginatum
image_8619.jpeg,Stenodema_laevigatum
image_8620.jpeg,Nabis_brevis
image_8621.jpg,Ischnodemus_sabuleti
image_8622.jpg,Lygus_pratensis
image_8623.jpg,Stenodema_laevigatum
image_8624.jpg,Adelphocoris_seticornis
image_8625.jpeg,Dolycoris_baccarum
image_8626.jpeg,Ilyocoris_cimicoides
image_8627.jpeg,Rhinocoris_iracundus
image_8628.jpg,Carabus_nemoralis
image_8629.jpeg,Carabus_cancellatus
image_8630.jpeg,Leistus_ferrugineus
image_8631.jpeg,Carabus_cancellatus
image_8632.jpg,Carabus_auronitens
image_8633.jpeg,Bembidion_quadrimaculatum
image_8634.jpeg,Corizus_hyoscyami
image_8635.jpeg,Carabus_convexus
image_8636.jpg,Aelia_acuminata
image_8637.jpeg,Carabus_nemoralis
image_8638.jpeg,Adelphocoris_seticornis
image_8639.jpg,Carabus_convexus
image_8640.jpeg,Graphosoma_lineatum
image_8641.jpeg,Lygocoris_pabulinus
image_8642.jpeg,Adelphocoris_seticornis
image_8643.jpeg,Ilyocoris_cimicoides
image_8644.jpeg,Nabis_brevis
image_8645.jpg,Agonum_muelleri
image_8646.jpg,Lygocoris_pabulinus
image_8647.jpeg,Carabus_auronitens
image_8648.jpg,Carabus_nemoralis
image_8649.jpg,Corizus_hyoscyami
image_8650.jpg,Agonum_sexpunctatum
image_8651.jpeg,Agonum_muelleri
image_8652.jpg,Dolycoris_baccarum
image_8653.jpeg,Carabus_granulatus
image_8654.jpg,Carabus_monilis
image_8655.jpg,Agonum_marginatum
image_8656.jpeg,Nebria_brevicollis
image_8657.jpeg,Carabus_granulatus
image_8658.jpg,Rhinocoris_iracundus
image_8659.jpeg,Carabus_convexus
image_8660.jpeg,Bembidion_lampros
image_8661.jpg,Bembidion_tetracolum
image_8662.jpeg,Ilyocoris_cimicoides
image_8663.jpeg,Carabus_monilis
image_8664.jpeg,Graphosoma_lineatum
image_8665.jpeg,Carabus_cancellatus
image_8666.jpeg,Capsodes_gothicus
image_8667.jpg,Capsodes_gothicus
image_8668.jpeg,Bembidion_quadrimaculatum
image_8669.jpeg,Carabus_monilis
image_8670.jpeg,Carabus_monilis
image_8671.jpeg,Carabus_monilis
image_8672.jpeg,Nepa_cinerea
image_8673.jpg,Coreus_marginatus
image_8674.jpg,Adelphocoris_seticornis
image_8675.jpeg,Stenodema_laevigatum
image_8676.jpeg,Carabus_monilis
image_8677.jpg,Coreus_marginatus
image_8678.jpeg,Carabus_monilis
image_8679.jpeg,Agonum_muelleri
image_8680.jpg,Bembidion_quadrimaculatum
image_8681.jpg,Hydrometra_stagnorum
image_8682.jpeg,Ilyocoris_cimicoides
image_8683.jpeg,Rhinocoris_iracundus
image_8684.jpeg,Ilyocoris_cimicoides
image_8685.jpeg,Carabus_nemoralis
image_8686.jpeg,Agonum_muelleri
image_8687.jpeg,Alydus_calcaratus
image_8688.jpg,Eresus_annulatus
image_8689.jpeg,Stenodema_laevigatum
image_8690.jpeg,Leistus_ferrugineus
image_8691.jpg,Stenodema_laevigatum
image_8692.jpg,Carabus_auratus
image_8693.jpeg,Coreus_marginatus
image_8694.jpeg,Carabus_granulatus
image_8695.jpeg,Capsodes_gothicus
image_8696.jpg,Graphosoma_lineatum
image_8697.jpeg,Carabus_cancellatus
image_8698.jpeg,Bembidion_quadrimaculatum
image_8699.jpeg,Ischnodemus_sabuleti
image_8700.jpeg,Carabus_problematicus
image_8701.jpg,Eresus_annulatus
image_8702.jpeg,Agonum_sexpunctatum
image_8703.jpeg,Aelia_acuminata
image_8704.jpeg,Nebria_brevicollis
image_8705.jpeg,Capsodes_gothicus
image_8706.jpeg,Coreus_marginatus
image_8707.jpg,Dolycoris_baccarum
image_8708.jpeg,Agonum_muelleri
image_8709.jpeg,Bembidion_tetracolum
image_8710.jpeg,Carabus_monilis
image_8711.jpg,Carabus_cancellatus
image_8712.jpeg,Alydus_calcaratus
image_8713.jpg,Bembidion_quadrimaculatum
image_8714.jpeg,Ilyocoris_cimicoides
image_8715.jpeg,Agonum_muelleri
image_8716.jpeg,Ilyocoris_cimicoides
image_8717.jpeg,Carabus_coriaceus
image_8718.jpeg,Carabus_cancellatus
image_8719.jpg,Agonum_muelleri
image_8720.jpg,Carabus_convexus
image_8721.jpg,Bembidion_tetracolum
image_8722.jpeg,Corizus_hyoscyami
image_8723.jpeg,Nebria_brevicollis
image_8724.jpeg,Alydus_calcaratus
image_8725.jpeg,Nebria_brevicollis
image_8726.jpeg,Hydrometra_stagnorum
image_8727.jpeg,Carabus_auratus
image_8728.jpg,Capsodes_gothicus
image_8729.jpeg,Nabis_brevis
image_8730.jpeg,Carabus_monilis
image_8731.jpeg,Stenodema_laevigatum
image_8732.jpg,Eresus_annulatus
image_8733.jpeg,Carabus_cancellatus
image_8734.jpeg,Hydrometra_stagnorum
image_8735.jpeg,Bembidion_tetracolum
image_8736.jpg,Carpocoris_purpureipennis
image_8737.jpeg,Hydrometra_stagnorum
image_8738.jpeg,Nebria_brevicollis
image_8739.jpeg,Carabus_granulatus
image_8740.jpeg,Alydus_calcaratus
image_8741.jpeg,Bembidion_lampros
image_8742.jpg,Agonum_muelleri
image_8743.jpg,Nebria_brevicollis
image_8744.jpeg,Corizus_hyoscyami
image_8745.jpeg,Aelia_acuminata
image_8746.jpg,Capsodes_gothicus
image_8747.jpeg,Nabis_brevis
image_8748.jpeg,Carabus_auronitens
image_8749.jpeg,Graphosoma_lineatum
image_8750.jpeg,Lygaeus_equestris
image_8751.jpg,Coreus_marginatus
image_8752.jpeg,Capsodes_gothicus
image_8753.jpeg,Graphosoma_lineatum
image_8754.jpeg,Corizus_hyoscyami
image_8755.jpeg,Stenodema_laevigatum
image_8756.jpeg,Lygus_pratensis
image_8757.jpeg,Carabus_granulatus
image_8758.jpeg,Carabus_convexus
image_8759.jpeg,Lygaeus_equestris
image_8760.jpeg,Nabis_brevis
image_8761.jpg,Agonum_sexpunctatum
image_8762.jpeg,Graphosoma_lineatum
image_8763.jpg,Carabus_auratus
image_8764.jpeg,Agonum_sexpunctatum
image_8765.jpeg,Stenodema_laevigatum
image_8766.jpeg,Agonum_sexpunctatum
image_8767.jpeg,Stenodema_laevigatum
image_8768.jpg,Carabus_granulatus
image_8769.jpeg,Carabus_coriaceus
image_8770.jpeg,Carabus_coriaceus
image_8771.jpeg,Ilyocoris_cimicoides
image_8772.jpeg,Carabus_auronitens
image_8773.jpeg,Carabus_nemoralis
image_8774.jpeg,Agonum_marginatum
image_8775.jpeg,Leistus_ferrugineus
image_8776.jpg,Corizus_hyoscyami
image_8777.jpg,Dolycoris_baccarum
image_8778.jpeg,Ilyocoris_cimicoides
image_8779.jpg,Eresus_annulatus
image_8780.jpeg,Aelia_acuminata
image_8781.jpeg,Agonum_marginatum
image_8782.jpg,Lygus_pratensis
image_8783.jpeg,Adelphocoris_seticornis
image_8784.jpg,Lygaeus_equestris
image_8785.jpeg,Carabus_granulatus
image_8786.jpeg,Carabus_coriaceus
image_8787.jpeg,Nebria_brevicollis
image_8788.jpg,Carabus_nemoralis
image_8789.jpeg,Lygus_pratensis
image_8790.jpeg,Lygocoris_pabulinus
image_8791.jpeg,Dolycoris_baccarum
image_8792.jpeg,Bembidion_quadrimaculatum
image_8793.jpeg,Adelphocoris_seticornis
image_8794.jpeg,Stenodema_laevigatum
image_8795.jpeg,Carabus_convexus
image_8796.jpeg,Carabus_auratus
image_8797.jpeg,Aelia_acuminata
image_8798.jpeg,Ischnodemus_sabuleti
image_8799.jpg,Carabus_granulatus
image_8800.jpeg,Alydus_calcaratus
image_8801.jpg,Agonum_sexpunctatum
image_8802.jpeg,Adelphocoris_seticornis
image_8803.jpeg,Corizus_hyoscyami
image_8804.jpeg,Hydrometra_stagnorum
image_8805.jpeg,Dolycoris_baccarum
image_8806.jpg,Carabus_convexus
image_8807.jpeg,Carabus_problematicus
image_8808.jpg,Carabus_problematicus
image_8809.jpg,Leistus_ferrugineus
image_8810.jpeg,Graphosoma_lineatum
image_8811.jpg,Carabus_convexus
image_8812.jpeg,Carabus_cancellatus
image_8813.jpg,Agonum_muelleri
image_8814.jpg,Adelphocoris_seticornis
image_8815.jpg,Carabus_cancellatus
image_8816.jpeg,Capsodes_gothicus
image_8817.jpeg,Nabis_brevis
image_8818.jpeg,Carabus_auronitens
image_8819.jpeg,Carabus_granulatus
image_8820.jpeg,Carabus_convexus
image_8821.jpg,Hydrometra_stagnorum
image_8822.jpeg,Aelia_acuminata
image_8823.jpg,Coreus_marginatus
image_8824.jpeg,Carabus_cancellatus
image_8825.jpeg,Ischnodemus_sabuleti
image_8826.jpeg,Carabus_auratus
image_8827.jpeg,Nabis_brevis
image_8828.jpeg,Bembidion_quadrimaculatum
image_8829.jpeg,Carabus_granulatus
image_8830.jpeg,Ilyocoris_cimicoides
image_8831.jpeg,Rhinocoris_iracundus
image_8832.jpg,Adelphocoris_seticornis
image_8833.jpeg,Carabus_granulatus
image_8834.jpeg,Carabus_monilis
image_8835.jpg,Eresus_annulatus
image_8836.jpeg,Carabus_convexus
image_8837.jpeg,Lygaeus_equestris
image_8838.jpeg,Rhinocoris_iracundus
image_8839.jpeg,Agonum_muelleri
image_8840.jpg,Alydus_calcaratus
image_8841.jpeg,Carabus_granulatus
image_8842.jpeg,Carabus_cancellatus
image_8843.jpeg,Dolycoris_baccarum
image_8844.jpeg,Bembidion_tetracolum
image_8845.jpeg,Bembidion_tetracolum
image_8846.jpeg,Lygaeus_equestris
image_8847.jpeg,Carabus_auronitens
image_8848.jpeg,Leistus_ferrugineus
image_8849.jpeg,Adelphocoris_seticornis
image_8850.jpg,Carabus_convexus
image_8851.jpg,Carabus_convexus
image_8852.jpeg,Carabus_auronitens
image_8853.jpeg,Carabus_cancellatus
image_8854.jpeg,Carabus_monilis
image_8855.jpeg,Carabus_granulatus
image_8856.jpeg,Carabus_nemoralis
image_8857.jpeg,Alydus_calcaratus
image_8858.jpeg,Hydrometra_stagnorum
image_8859.jpg,Adelphocoris_seticornis
image_8860.jpeg,Ilyocoris_cimicoides
image_8861.jpeg,Lygus_pratensis
image_8862.jpeg,Agonum_muelleri
image_8863.jpeg,Carabus_convexus
image_8864.jpeg,Dolycoris_baccarum
image_8865.jpg,Lygus_pratensis
image_8866.jpeg,Alydus_calcaratus
image_8867.jpeg,Carabus_convexus
image_8868.jpeg,Aelia_acuminata
image_8869.jpeg,Aelia_acuminata
image_8870.jpeg,Nabis_brevis
image_8871.jpeg,Carabus_convexus
image_8872.jpeg,Agonum_marginatum
image_8873.jpeg,Nepa_cinerea
image_8874.jpeg,Carpocoris_purpureipennis
image_8875.jpeg,Nebria_brevicollis
image_8876.jpeg,Stenodema_laevigatum
image_8877.jpg,Agonum_marginatum
image_8878.jpeg,Carabus_coriaceus
image_8879.jpeg,Bembidion_lampros
image_8880.jpeg,Ischnodemus_sabuleti
image_8881.jpg,Rhinocoris_iracundus
image_8882.jpg,Leistus_ferrugineus
image_8883.jpeg,Stenodema_laevigatum
image_8884.jpeg,Carabus_monilis
image_8885.jpeg,Carabus_monilis
image_8886.jpeg,Carabus_auratus
image_8887.jpg,Nabis_brevis
image_8888.jpeg,Ilyocoris_cimicoides
image_8889.jpg,Bembidion_lampros
image_8890.jpeg,Coreus_marginatus
image_8891.jpeg,Bembidion_quadrimaculatum
image_8892.jpeg,Stenodema_laevigatum
image_8893.jpeg,Bembidion_lampros
image_8894.jpeg,Carpocoris_purpureipennis
image_8895.jpeg,Stenodema_laevigatum
image_8896.jpg,Lygocoris_pabulinus
image_8897.jpeg,Ilyocoris_cimicoides
image_8898.jpeg,Leistus_ferrugineus
image_8899.jpg,Carabus_nemoralis
image_8900.jpeg,Carabus_auronitens
image_8901.jpeg,Dolycoris_baccarum
image_8902.jpeg,Carabus_nemoralis
image_8903.jpg,Nepa_cinerea
image_8904.jpeg,Stenodema_laevigatum
image_8905.jpeg,Stenodema_laevigatum
image_8906.jpeg,Bembidion_quadrimaculatum
image_8907.jpeg,Carabus_problematicus
image_8908.jpeg,Lygaeus_equestris
image_8909.jpg,Stenodema_laevigatum
image_8910.jpeg,Aelia_acuminata
image_8911.jpeg,Stenodema_laevigatum
image_8912.jpeg,Lygaeus_equestris
image_8913.jpg,Agonum_muelleri
image_8914.jpeg,Nebria_brevicollis
image_8915.jpeg,Carabus_problematicus
image_8916.jpeg,Carabus_cancellatus
image_8917.jpg,Bembidion_tetracolum
image_8918.jpeg,Ilyocoris_cimicoides
image_8919.jpeg,Carabus_monilis
image_8920.jpeg,Alydus_calcaratus
image_8921.jpeg,Aelia_acuminata
image_8922.jpeg,Lygaeus_equestris
image_8923.jpeg,Carabus_nemoralis
image_8924.jpeg,Carabus_coriaceus
image_8925.jpeg,Carabus_auratus
image_8926.jpg,Dolycoris_baccarum
image_8927.jpeg,Ilyocoris_cimicoides
image_8928.jpeg,Agonum_marginatum
image_8929.jpeg,Stenodema_laevigatum
image_8930.jpg,Carpocoris_purpureipennis
image_8931.jpeg,Dolycoris_baccarum
image_8932.jpeg,Lygus_pratensis
image_8933.jpeg,Agonum_sexpunctatum
image_8934.jpg,Carabus_problematicus
image_8935.jpeg,Hydrometra_stagnorum
image_8936.jpg,Agonum_marginatum
image_8937.jpg,Carabus_granulatus
image_8938.jpeg,Alydus_calcaratus
image_8939.jpeg,Lygaeus_equestris
image_8940.jpg,Leistus_ferrugineus
image_8941.jpg,Corizus_hyoscyami
image_8942.jpeg,Carabus_auratus
image_8943.jpeg,Carabus_auronitens
image_8944.jpg,Agonum_marginatum
image_8945.jpeg,Carabus_nemoralis
image_8946.jpeg,Lygocoris_pabulinus
image_8947.jpg,Agonum_muelleri
image_8948.jpeg,Carabus_monilis
image_8949.jpeg,Stenodema_laevigatum
image_8950.jpeg,Stenodema_laevigatum
image_8951.jpeg,Stenodema_laevigatum
image_8952.jpg,Leistus_ferrugineus
image_8953.jpg,Lygaeus_equestris
image_8954.jpeg,Aelia_acuminata
image_8955.jpeg,Carabus_cancellatus
image_8956.jpeg,Bembidion_quadrimaculatum
image_8957.jpg,Capsodes_gothicus
image_8958.jpeg,Aelia_acuminata
image_8959.jpeg,Leistus_ferrugineus
image_8960.jpeg,Graphosoma_lineatum
image_8961.jpeg,Carabus_granulatus
image_8962.jpeg,Carabus_coriaceus
image_8963.jpeg,Ischnodemus_sabuleti
image_8964.jpg,Alydus_calcaratus
image_8965.jpg,Bembidion_lampros
image_8966.jpeg,Nepa_cinerea
image_8967.jpeg,Ilyocoris_cimicoides
image_8968.jpg,Bembidion_tetracolum
image_8969.jpeg,Alydus_calcaratus
image_8970.jpeg,Lygus_pratensis
image_8971.jpeg,Lygaeus_equestris
image_8972.jpeg,Carabus_auratus
image_8973.jpeg,Alydus_calcaratus
image_8974.jpg,Carabus_nemoralis
image_8975.jpeg,Carabus_coriaceus
image_8976.jpeg,Agonum_marginatum
image_8977.jpeg,Carpocoris_purpureipennis
image_8978.jpeg,Bembidion_quadrimaculatum
image_8979.jpeg,Carabus_granulatus
image_8980.jpeg,Aelia_acuminata
image_8981.jpeg,Carabus_nemoralis
image_8982.jpg,Corizus_hyoscyami
image_8983.jpeg,Stenodema_laevigatum
image_8984.jpeg,Carabus_nemoralis
image_8985.jpeg,Agonum_muelleri
image_8986.jpeg,Carabus_problematicus
image_8987.jpg,Nabis_brevis
image_8988.jpg,Agonum_muelleri
image_8989.jpeg,Adelphocoris_seticornis
image_8990.jpeg,Lygaeus_equestris
image_8991.jpeg,Adelphocoris_seticornis
image_8992.jpg,Ischnodemus_sabuleti
image_8993.jpeg,Carabus_cancellatus
image_8994.jpeg,Carabus_nemoralis
image_8995.jpeg,Nepa_cinerea
image_8996.jpeg,Lygaeus_equestris
image_8997.jpeg,Carabus_problematicus
image_8998.jpeg,Capsodes_gothicus
image_8999.jpeg,Adelphocoris_seticornis
image_9000.jpeg,Carabus_convexus
image_9001.jpeg,Adelphocoris_seticornis
image_9002.jpeg,Eresus_annulatus
image_9003.jpg,Bembidion_tetracolum
image_9004.jpeg,Carabus_granulatus
image_9005.jpg,Bembidion_quadrimaculatum
image_9006.jpg,Eresus_annulatus
image_9007.jpg,Lygus_pratensis
image_9008.jpeg,Ilyocoris_cimicoides
image_9009.jpeg,Graphosoma_lineatum
image_9010.jpeg,Aelia_acuminata
image_9011.jpg,Bembidion_tetracolum
image_9012.jpg,Carabus_cancellatus
image_9013.jpeg,Agonum_muelleri
image_9014.jpeg,Rhinocoris_iracundus
image_9015.jpeg,Alydus_calcaratus
image_9016.jpg,Carabus_monilis
image_9017.jpeg,Alydus_calcaratus
image_9018.jpeg,Nabis_brevis
image_9019.jpg,Carabus_coriaceus
image_9020.jpeg,Carabus_convexus
image_9021.jpeg,Carabus_cancellatus
image_9022.jpeg,Stenodema_laevigatum
image_9023.jpeg,Coreus_marginatus
image_9024.jpeg,Stenodema_laevigatum
image_9025.jpeg,Bembidion_tetracolum
image_9026.jpeg,Carabus_granulatus
image_9027.jpg,Carabus_coriaceus
image_9028.jpg,Eresus_annulatus
image_9029.jpeg,Bembidion_tetracolum
image_9030.jpg,Alydus_calcaratus
image_9031.jpg,Alydus_calcaratus
image_9032.jpeg,Ischnodemus_sabuleti
image_9033.jpeg,Carabus_convexus
image_9034.jpeg,Graphosoma_lineatum
image_9035.jpeg,Coreus_marginatus
image_9036.jpeg,Alydus_calcaratus
image_9037.jpg,Agonum_marginatum
image_9038.jpg,Carabus_auratus
image_9039.jpg,Eresus_annulatus
image_9040.jpeg,Bembidion_quadrimaculatum
image_9041.jpg,Agonum_muelleri
image_9042.jpeg,Carpocoris_purpureipennis
image_9043.jpeg,Nabis_brevis
image_9044.jpeg,Carabus_cancellatus
image_9045.jpeg,Rhinocoris_iracundus
image_9046.jpeg,Lygus_pratensis
image_9047.jpeg,Rhinocoris_iracundus
image_9048.jpeg,Agonum_marginatum
image_9049.jpg,Carpocoris_purpureipennis
image_9050.jpg,Leistus_ferrugineus
image_9051.jpeg,Carabus_nemoralis
image_9052.jpeg,Bembidion_quadrimaculatum
image_9053.jpeg,Leistus_ferrugineus
image_9054.jpeg,Nepa_cinerea
image_9055.jpeg,Ischnodemus_sabuleti
image_9056.jpeg,Rhinocoris_iracundus
image_9057.jpeg,Aelia_acuminata
image_9058.jpg,Bembidion_lampros
image_9059.jpeg,Carabus_granulatus
image_9060.jpeg,Carabus_granulatus
image_9061.jpeg,Carabus_monilis
image_9062.jpeg,Capsodes_gothicus
image_9063.jpeg,Lygaeus_equestris
image_9064.jpeg,Carabus_coriaceus
image_9065.jpeg,Agonum_muelleri
image_9066.jpeg,Agonum_marginatum
image_9067.jpg,Bembidion_tetracolum
image_9068.jpeg,Carabus_coriaceus
image_9069.jpeg,Carabus_monilis
image_9070.jpg,Agonum_sexpunctatum
image_9071.jpg,Adelphocoris_seticornis
image_9072.jpeg,Nebria_brevicollis
image_9073.jpg,Dolycoris_baccarum
image_9074.jpeg,Carabus_coriaceus
image_9075.jpeg,Nebria_brevicollis
image_9076.jpg,Eresus_annulatus
image_9077.jpeg,Alydus_calcaratus
image_9078.jpeg,Carabus_granulatus
image_9079.jpeg,Corizus_hyoscyami
image_9080.jpeg,Carabus_granulatus
image_9081.jpg,Rhinocoris_iracundus
image_9082.jpg,Bembidion_quadrimaculatum
image_9083.jpg,Bembidion_tetracolum
image_9084.jpeg,Ilyocoris_cimicoides
image_9085.jpeg,Graphosoma_lineatum
image_9086.jpg,Carabus_cancellatus
image_9087.jpeg,Bembidion_lampros
image_9088.jpeg,Alydus_calcaratus
image_9089.jpeg,Agonum_sexpunctatum
image_9090.jpeg,Nebria_brevicollis
image_9091.jpeg,Carabus_auratus
image_9092.jpg,Nabis_brevis
image_9093.jpeg,Aelia_acuminata
image_9094.jpeg,Bembidion_quadrimaculatum
image_9095.jpeg,Agonum_sexpunctatum
image_9096.jpg,Eresus_annulatus
image_9097.jpeg,Carabus_monilis
image_9098.jpg,Carabus_convexus
image_9099.jpeg,Corizus_hyoscyami
image_9100.jpeg,Lygocoris_pabulinus
image_9101.jpeg,Agonum_marginatum
image_9102.jpg,Bembidion_tetracolum
image_9103.jpeg,Carabus_problematicus
image_9104.jpeg,Agonum_muelleri
image_9105.jpeg,Carpocoris_purpureipennis
image_9106.jpg,Eresus_annulatus
image_9107.jpeg,Ilyocoris_cimicoides
image_9108.jpg,Lygus_pratensis
image_9109.jpeg,Carabus_cancellatus
image_9110.jpeg,Bembidion_quadrimaculatum
image_9111.jpeg,Hydrometra_stagnorum
image_9112.jpeg,Aelia_acuminata
image_9113.jpeg,Carpocoris_purpureipennis
image_9114.jpg,Leistus_ferrugineus
image_9115.jpg,Carabus_monilis
image_9116.jpeg,Carabus_problematicus
image_9117.jpeg,Carabus_monilis
image_9118.jpeg,Bembidion_quadrimaculatum
image_9119.jpg,Carabus_convexus
image_9120.jpg,Carabus_auronitens
image_9121.jpg,Nabis_brevis
image_9122.jpeg,Carabus_granulatus
image_9123.jpeg,Aelia_acuminata
image_9124.jpeg,Adelphocoris_seticornis
image_9125.jpeg,Capsodes_gothicus
image_9126.jpeg,Carabus_convexus
image_9127.jpeg,Adelphocoris_seticornis
image_9128.jpeg,Carabus_granulatus
image_9129.jpeg,Alydus_calcaratus
image_9130.jpeg,Nebria_brevicollis
image_9131.jpg,Bembidion_tetracolum
image_9132.jpg,Bembidion_lampros
image_9133.jpeg,Corizus_hyoscyami
image_9134.jpeg,Agonum_sexpunctatum
image_9135.jpg,Carabus_nemoralis
image_9136.jpeg,Carabus_auratus
image_9137.jpeg,Carabus_cancellatus
image_9138.jpeg,Carabus_nemoralis
image_9139.jpeg,Alydus_calcaratus
image_9140.jpeg,Adelphocoris_seticornis
image_9141.jpeg,Bembidion_tetracolum
image_9142.jpeg,Carabus_problematicus
image_9143.jpeg,Adelphocoris_seticornis
image_9144.jpg,Stenodema_laevigatum
image_9145.jpeg,Carabus_auratus
image_9146.jpeg,Carabus_problematicus
image_9147.jpeg,Stenodema_laevigatum
image_9148.jpg,Carabus_auratus
image_9149.jpeg,Agonum_muelleri
image_9150.jpeg,Carabus_convexus
image_9151.jpeg,Capsodes_gothicus
image_9152.jpeg,Carabus_convexus
image_9153.jpeg,Alydus_calcaratus
image_9154.jpeg,Carabus_monilis
image_9155.jpg,Graphosoma_lineatum
image_9156.jpg,Bembidion_tetracolum
image_9157.jpeg,Nebria_brevicollis
image_9158.jpg,Nabis_brevis
image_9159.jpeg,Carabus_coriaceus
image_9160.jpeg,Nepa_cinerea
image_9161.jpeg,Carabus_coriaceus
image_9162.jpeg,Carabus_monilis
image_9163.jpeg,Stenodema_laevigatum
image_9164.jpeg,Ischnodemus_sabuleti
image_9165.jpg,Carabus_monilis
image_9166.jpeg,Nepa_cinerea
image_9167.jpeg,Agonum_marginatum
image_9168.jpeg,Alydus_calcaratus
image_9169.jpeg,Carabus_convexus
image_9170.jpeg,Carabus_cancellatus
image_9171.jpeg,Adelphocoris_seticornis
image_9172.jpeg,Agonum_marginatum
image_9173.jpeg,Carabus_auronitens
image_9174.jpeg,Carabus_monilis
image_9175.jpg,Lygocoris_pabulinus
image_9176.jpeg,Alydus_calcaratus
image_9177.jpeg,Carpocoris_purpureipennis
image_9178.jpg,Eresus_annulatus
image_9179.jpg,Coreus_marginatus
image_9180.jpeg,Lygus_pratensis
image_9181.jpg,Agonum_marginatum
image_9182.jpg,Hydrometra_stagnorum
image_9183.jpeg,Lygocoris_pabulinus
image_9184.jpeg,Lygaeus_equestris
image_9185.jpeg,Hydrometra_stagnorum
image_9186.jpeg,Carabus_coriaceus
image_9187.jpeg,Agonum_sexpunctatum
image_9188.jpeg,Lygus_pratensis
image_9189.jpeg,Carabus_granulatus
image_9190.jpg,Ilyocoris_cimicoides
image_9191.jpeg,Ischnodemus_sabuleti
image_9192.jpeg,Carabus_convexus
image_9193.jpeg,Leistus_ferrugineus
image_9194.jpg,Graphosoma_lineatum
image_9195.jpeg,Adelphocoris_seticornis
image_9196.jpeg,Carabus_monilis
image_9197.jpeg,Lygus_pratensis
image_9198.jpeg,Nepa_cinerea
image_9199.jpeg,Capsodes_gothicus
image_9200.jpeg,Carabus_granulatus
image_9201.jpeg,Capsodes_gothicus
image_9202.jpeg,Carpocoris_purpureipennis
image_9203.jpeg,Ischnodemus_sabuleti
image_9204.jpeg,Carabus_granulatus
image_9205.jpeg,Lygus_pratensis
image_9206.jpg,Corizus_hyoscyami
image_9207.jpeg,Nebria_brevicollis
image_9208.jpeg,Ilyocoris_cimicoides
image_9209.jpeg,Nepa_cinerea
image_9210.jpeg,Carabus_problematicus
image_9211.jpeg,Nepa_cinerea
image_9212.jpeg,Ilyocoris_cimicoides
image_9213.jpeg,Hydrometra_stagnorum
image_9214.jpg,Carabus_nemoralis
image_9215.jpeg,Bembidion_lampros
image_9216.jpeg,Carabus_granulatus
image_9217.jpeg,Bembidion_quadrimaculatum
image_9218.jpeg,Hydrometra_stagnorum
image_9219.jpeg,Capsodes_gothicus
image_9220.jpeg,Coreus_marginatus
image_9221.jpg,Carabus_convexus
image_9222.jpeg,Corizus_hyoscyami
image_9223.jpeg,Nepa_cinerea
image_9224.jpeg,Rhinocoris_iracundus
image_9225.jpg,Ilyocoris_cimicoides
image_9226.jpeg,Carabus_granulatus
image_9227.jpeg,Ischnodemus_sabuleti
image_9228.jpg,Corizus_hyoscyami
image_9229.jpeg,Carabus_convexus
image_9230.jpeg,Carabus_monilis
image_9231.jpeg,Carabus_auratus
image_9232.jpeg,Bembidion_lampros
image_9233.jpg,Bembidion_quadrimaculatum
image_9234.jpeg,Lygaeus_equestris
image_9235.jpeg,Aelia_acuminata
image_9236.jpeg,Carabus_coriaceus
image_9237.jpeg,Carabus_nemoralis
image_9238.jpg,Bembidion_tetracolum
image_9239.jpeg,Carabus_nemoralis
image_9240.jpeg,Carabus_coriaceus
image_9241.jpg,Nebria_brevicollis
image_9242.jpeg,Carabus_auronitens
image_9243.jpeg,Capsodes_gothicus
image_9244.jpg,Rhinocoris_iracundus
image_9245.jpeg,Corizus_hyoscyami
image_9246.jpeg,Carabus_problematicus
image_9247.jpg,Lygus_pratensis
image_9248.jpeg,Bembidion_quadrimaculatum
image_9249.jpeg,Nabis_brevis
image_9250.jpg,Agonum_sexpunctatum
image_9251.jpeg,Carabus_auronitens
image_9252.jpeg,Corizus_hyoscyami
image_9253.jpeg,Carabus_nemoralis
image_9254.jpeg,Hydrometra_stagnorum
image_9255.jpeg,Nebria_brevicollis
image_9256.jpg,Graphosoma_lineatum
image_9257.jpg,Nabis_brevis
image_9258.jpeg,Agonum_sexpunctatum
image_9259.jpg,Alydus_calcaratus
image_9260.jpg,Coreus_marginatus
image_9261.jpeg,Carpocoris_purpureipennis
image_9262.jpeg,Carabus_granulatus
image_9263.jpeg,Carabus_convexus
image_9264.jpeg,Leistus_ferrugineus
image_9265.jpeg,Bembidion_lampros
image_9266.jpg,Nepa_cinerea
image_9267.jpeg,Capsodes_gothicus
image_9268.jpeg,Carabus_problematicus
image_9269.jpeg,Carabus_convexus
image_9270.jpeg,Carabus_nemoralis
image_9271.jpg,Rhinocoris_iracundus
image_9272.jpeg,Carabus_auronitens
image_9273.jpg,Coreus_marginatus
image_9274.jpg,Agonum_sexpunctatum
image_9275.jpg,Eresus_annulatus
image_9276.jpeg,Nabis_brevis
image_9277.jpeg,Lygaeus_equestris
image_9278.jpeg,Nabis_brevis
image_9279.jpeg,Carabus_cancellatus
image_9280.jpeg,Nabis_brevis
image_9281.jpeg,Hydrometra_stagnorum
image_9282.jpeg,Nepa_cinerea
image_9283.jpeg,Corizus_hyoscyami
image_9284.jpg,Bembidion_tetracolum
image_9285.jpg,Stenodema_laevigatum
image_9286.jpeg,Rhinocoris_iracundus
image_9287.jpeg,Rhinocoris_iracundus
image_9288.jpg,Carabus_nemoralis
image_9289.jpeg,Carabus_coriaceus
image_9290.jpg,Bembidion_quadrimaculatum
image_9291.jpeg,Carabus_nemoralis
image_9292.jpeg,Carabus_cancellatus
image_9293.jpeg,Nebria_brevicollis
image_9294.jpeg,Carabus_auronitens
image_9295.jpg,Carabus_granulatus
image_9296.jpeg,Bembidion_quadrimaculatum
image_9297.jpeg,Adelphocoris_seticornis
image_9298.jpeg,Stenodema_laevigatum
image_9299.jpeg,Carabus_cancellatus
image_9300.jpg,Lygocoris_pabulinus
image_9301.jpg,Eresus_annulatus
image_9302.jpeg,Carabus_nemoralis
image_9303.jpg,Carabus_coriaceus
image_9304.jpeg,Corizus_hyoscyami
image_9305.jpg,Dolycoris_baccarum
image_9306.jpeg,Agonum_muelleri
image_9307.jpg,Carabus_cancellatus
image_9308.jpeg,Nepa_cinerea
image_9309.jpeg,Carabus_monilis
image_9310.jpeg,Stenodema_laevigatum
image_9311.jpeg,Carabus_cancellatus
image_9312.jpeg,Stenodema_laevigatum
image_9313.jpeg,Agonum_sexpunctatum
image_9314.jpeg,Ilyocoris_cimicoides
image_9315.jpeg,Nebria_brevicollis
image_9316.jpeg,Eresus_annulatus
image_9317.jpeg,Ilyocoris_cimicoides
image_9318.jpeg,Alydus_calcaratus
image_9319.jpg,Agonum_sexpunctatum
image_9320.jpeg,Carabus_convexus
image_9321.jpeg,Corizus_hyoscyami
image_9322.jpeg,Carabus_auratus
image_9323.jpeg,Nepa_cinerea
image_9324.jpeg,Leistus_ferrugineus
image_9325.jpeg,Carabus_coriaceus
image_9326.jpeg,Bembidion_quadrimaculatum
image_9327.jpeg,Carabus_nemoralis
image_9328.jpg,Eresus_annulatus
image_9329.jpeg,Hydrometra_stagnorum
image_9330.jpg,Ilyocoris_cimicoides
image_9331.jpeg,Lygus_pratensis
image_9332.jpeg,Nepa_cinerea
image_9333.jpg,Corizus_hyoscyami
image_9334.jpg,Agonum_marginatum
image_9335.jpg,Corizus_hyoscyami
image_9336.jpeg,Carabus_granulatus
image_9337.jpg,Leistus_ferrugineus
image_9338.jpeg,Bembidion_quadrimaculatum
image_9339.jpeg,Coreus_marginatus
image_9340.jpeg,Carabus_problematicus
image_9341.jpeg,Lygaeus_equestris
image_9342.jpg,Rhinocoris_iracundus
image_9343.jpeg,Lygaeus_equestris
image_9344.jpeg,Nebria_brevicollis
image_9345.jpeg,Agonum_marginatum
image_9346.jpeg,Carabus_auronitens
image_9347.jpeg,Carabus_convexus
image_9348.jpeg,Carabus_problematicus
image_9349.jpeg,Adelphocoris_seticornis
image_9350.jpeg,Leistus_ferrugineus
image_9351.jpeg,Carabus_cancellatus
image_9352.jpeg,Carabus_monilis
image_9353.jpeg,Carabus_coriaceus
image_9354.jpg,Carabus_coriaceus
image_9355.jpeg,Ischnodemus_sabuleti
image_9356.jpeg,Carabus_monilis
image_9357.jpeg,Eresus_annulatus
image_9358.jpeg,Agonum_marginatum
image_9359.jpeg,Stenodema_laevigatum
image_9360.jpeg,Carabus_monilis
image_9361.jpeg,Bembidion_lampros
image_9362.jpeg,Bembidion_quadrimaculatum
image_9363.jpeg,Carabus_coriaceus
image_9364.jpeg,Graphosoma_lineatum
image_9365.jpeg,Rhinocoris_iracundus
image_9366.jpg,Capsodes_gothicus
image_9367.jpeg,Leistus_ferrugineus
image_9368.jpeg,Carabus_problematicus
image_9369.jpg,Eresus_annulatus
image_9370.jpeg,Leistus_ferrugineus
image_9371.jpeg,Agonum_sexpunctatum
image_9372.jpg,Coreus_marginatus
image_9373.jpeg,Lygus_pratensis
image_9374.jpeg,Leistus_ferrugineus
image_9375.jpeg,Alydus_calcaratus
image_9376.jpg,Rhinocoris_iracundus
image_9377.jpeg,Carabus_auratus
image_9378.jpeg,Carabus_cancellatus
image_9379.jpeg,Carabus_monilis
image_9380.jpeg,Corizus_hyoscyami
image_9381.jpeg,Nepa_cinerea
image_9382.jpeg,Ilyocoris_cimicoides
image_9383.jpeg,Carabus_cancellatus
image_9384.jpeg,Alydus_calcaratus
image_9385.jpeg,Carabus_problematicus
image_9386.jpg,Carpocoris_purpureipennis
image_9387.jpeg,Stenodema_laevigatum
image_9388.jpeg,Agonum_sexpunctatum
image_9389.jpeg,Nepa_cinerea
image_9390.jpg,Bembidion_tetracolum
image_9391.jpg,Leistus_ferrugineus
image_9392.jpeg,Nabis_brevis
image_9393.jpeg,Carabus_auronitens
image_9394.jpeg,Hydrometra_stagnorum
image_9395.jpeg,Carabus_auratus
image_9396.jpg,Lygaeus_equestris
image_9397.jpeg,Carabus_cancellatus
image_9398.jpeg,Bembidion_tetracolum
image_9399.jpeg,Carabus_granulatus
image_9400.jpg,Carabus_convexus
image_9401.jpg,Carabus_auronitens
image_9402.jpg,Carabus_coriaceus
image_9403.jpg,Agonum_marginatum
image_9404.jpeg,Dolycoris_baccarum
image_9405.jpeg,Carabus_problematicus
image_9406.jpg,Carabus_monilis
image_9407.jpeg,Carabus_coriaceus
image_9408.jpg,Carabus_coriaceus
image_9409.jpg,Agonum_muelleri
image_9410.jpg,Carabus_monilis
image_9411.jpeg,Corizus_hyoscyami
image_9412.jpeg,Carabus_cancellatus
image_9413.jpeg,Carabus_auronitens
image_9414.jpg,Adelphocoris_seticornis
image_9415.jpeg,Nabis_brevis
image_9416.jpeg,Graphosoma_lineatum
image_9417.jpeg,Corizus_hyoscyami
image_9418.jpeg,Adelphocoris_seticornis
image_9419.jpeg,Carabus_auronitens
image_9420.jpg,Agonum_marginatum
image_9421.jpeg,Carabus_problematicus
image_9422.jpeg,Carabus_granulatus
image_9423.jpeg,Lygocoris_pabulinus
image_9424.jpg,Lygocoris_pabulinus
image_9425.jpeg,Lygocoris_pabulinus
image_9426.jpeg,Nebria_brevicollis
image_9427.jpeg,Lygocoris_pabulinus
image_9428.jpeg,Carabus_cancellatus
image_9429.jpeg,Corizus_hyoscyami
image_9430.jpeg,Carabus_monilis
image_9431.jpeg,Carabus_nemoralis
image_9432.jpeg,Carabus_convexus
image_9433.jpeg,Alydus_calcaratus
image_9434.jpg,Leistus_ferrugineus
image_9435.jpg,Bembidion_quadrimaculatum
image_9436.jpeg,Carabus_auronitens
image_9437.jpg,Bembidion_tetracolum
image_9438.jpeg,Carabus_monilis
image_9439.jpg,Corizus_hyoscyami
image_9440.jpeg,Leistus_ferrugineus
image_9441.jpeg,Carabus_nemoralis
image_9442.jpeg,Aelia_acuminata
image_9443.jpg,Carabus_coriaceus
image_9444.jpg,Eresus_annulatus
image_9445.jpeg,Bembidion_tetracolum
image_9446.jpeg,Bembidion_lampros
image_9447.jpeg,Ischnodemus_sabuleti
image_9448.jpeg,Stenodema_laevigatum
image_9449.jpeg,Nabis_brevis
image_9450.jpeg,Aelia_acuminata
image_9451.jpeg,Corizus_hyoscyami
image_9452.jpeg,Carabus_convexus
image_9453.jpg,Carpocoris_purpureipennis
image_9454.jpeg,Carabus_auronitens
image_9455.jpg,Leistus_ferrugineus
image_9456.jpg,Bembidion_tetracolum
image_9457.jpeg,Leistus_ferrugineus
image_9458.jpg,Graphosoma_lineatum
image_9459.jpg,Nebria_brevicollis
image_9460.jpeg,Bembidion_quadrimaculatum
image_9461.jpeg,Nebria_brevicollis
image_9462.jpeg,Agonum_marginatum
image_9463.jpeg,Carabus_nemoralis
image_9464.jpg,Ischnodemus_sabuleti
image_9465.jpeg,Eresus_annulatus
image_9466.jpeg,Nabis_brevis
image_9467.jpg,Bembidion_tetracolum
image_9468.jpeg,Alydus_calcaratus
image_9469.jpeg,Carabus_convexus
image_9470.jpeg,Dolycoris_baccarum
image_9471.jpg,Corizus_hyoscyami
image_9472.jpeg,Ischnodemus_sabuleti
image_9473.jpg,Ischnodemus_sabuleti
image_9474.jpeg,Lygocoris_pabulinus
image_9475.jpeg,Leistus_ferrugineus
image_9476.jpg,Coreus_marginatus
image_9477.jpeg,Bembidion_quadrimaculatum
image_9478.jpeg,Carabus_problematicus
image_9479.jpeg,Carabus_problematicus
image_9480.jpg,Carpocoris_purpureipennis
image_9481.jpeg,Graphosoma_lineatum
image_9482.jpeg,Bembidion_quadrimaculatum
image_9483.jpeg,Lygus_pratensis
image_9484.jpg,Agonum_sexpunctatum
image_9485.jpeg,Stenodema_laevigatum
image_9486.jpeg,Rhinocoris_iracundus
image_9487.jpeg,Agonum_muelleri
image_9488.jpeg,Coreus_marginatus
image_9489.jpeg,Carabus_nemoralis
image_9490.jpeg,Agonum_sexpunctatum
image_9491.jpg,Bembidion_quadrimaculatum
image_9492.jpeg,Lygocoris_pabulinus
image_9493.jpeg,Rhinocoris_iracundus
image_9494.jpeg,Alydus_calcaratus
image_9495.jpg,Carabus_convexus
image_9496.jpeg,Carabus_auratus
image_9497.jpeg,Carabus_granulatus
image_9498.jpg,Lygaeus_equestris
image_9499.jpeg,Ilyocoris_cimicoides
image_9500.jpeg,Agonum_marginatum
image_9501.jpg,Ilyocoris_cimicoides
image_9502.jpeg,Carabus_problematicus
image_9503.jpeg,Carabus_auronitens
image_9504.jpg,Lygaeus_equestris
image_9505.jpeg,Hydrometra_stagnorum
image_9506.jpeg,Capsodes_gothicus
image_9507.jpg,Capsodes_gothicus
image_9508.jpg,Carabus_monilis
image_9509.jpeg,Bembidion_lampros
image_9510.jpeg,Carabus_auronitens
image_9511.jpg,Nabis_brevis
image_9512.jpeg,Carabus_auratus
image_9513.jpeg,Agonum_muelleri
image_9514.jpeg,Stenodema_laevigatum
image_9515.jpg,Corizus_hyoscyami
image_9516.jpeg,Carabus_coriaceus
image_9517.jpg,Alydus_calcaratus
image_9518.jpg,Aelia_acuminata
image_9519.jpg,Ischnodemus_sabuleti
image_9520.jpg,Lygus_pratensis
image_9521.jpg,Bembidion_tetracolum
image_9522.jpeg,Carabus_problematicus
image_9523.jpeg,Carabus_auronitens
image_9524.jpg,Lygus_pratensis
image_9525.jpeg,Bembidion_lampros
image_9526.jpg,Nabis_brevis
image_9527.jpg,Carabus_monilis
image_9528.jpeg,Lygocoris_pabulinus
image_9529.jpeg,Bembidion_lampros
image_9530.jpg,Rhinocoris_iracundus
image_9531.jpeg,Carabus_granulatus
image_9532.jpeg,Carabus_auronitens
image_9533.jpeg,Carabus_auronitens
image_9534.jpeg,Agonum_marginatum
image_9535.jpeg,Leistus_ferrugineus
image_9536.jpeg,Carabus_problematicus
image_9537.jpg,Leistus_ferrugineus
image_9538.jpeg,Stenodema_laevigatum
image_9539.jpg,Hydrometra_stagnorum
image_9540.jpeg,Eresus_annulatus
image_9541.jpg,Agonum_muelleri
image_9542.jpg,Carabus_auratus
image_9543.jpeg,Agonum_marginatum
image_9544.jpeg,Carabus_cancellatus
image_9545.jpeg,Adelphocoris_seticornis
image_9546.jpeg,Carabus_auronitens
image_9547.jpeg,Nabis_brevis
image_9548.jpeg,Eresus_annulatus
image_9549.jpeg,Nebria_brevicollis
image_9550.jpeg,Carabus_auratus
image_9551.jpeg,Bembidion_lampros
image_9552.jpeg,Nebria_brevicollis
image_9553.jpeg,Lygaeus_equestris
image_9554.jpeg,Nepa_cinerea
image_9555.jpeg,Agonum_marginatum
image_9556.jpg,Nepa_cinerea
image_9557.jpg,Adelphocoris_seticornis
image_9558.jpg,Carabus_auronitens
image_9559.jpeg,Ischnodemus_sabuleti
image_9560.jpeg,Coreus_marginatus
image_9561.jpg,Bembidion_tetracolum
image_9562.jpg,Carpocoris_purpureipennis
image_9563.jpeg,Rhinocoris_iracundus
image_9564.jpeg,Corizus_hyoscyami
image_9565.jpg,Carabus_granulatus
image_9566.jpeg,Leistus_ferrugineus
image_9567.jpeg,Coreus_marginatus
image_9568.jpeg,Bembidion_quadrimaculatum
image_9569.jpeg,Agonum_marginatum
image_9570.jpeg,Bembidion_quadrimaculatum
image_9571.jpeg,Carabus_problematicus
image_9572.jpg,Dolycoris_baccarum
image_9573.jpeg,Carabus_granulatus
image_9574.jpeg,Agonum_marginatum
image_9575.jpg,Adelphocoris_seticornis
image_9576.jpeg,Alydus_calcaratus
image_9577.jpeg,Adelphocoris_seticornis
image_9578.jpeg,Graphosoma_lineatum
image_9579.jpeg,Carabus_nemoralis
image_9580.jpeg,Carabus_nemoralis
image_9581.jpeg,Carabus_problematicus
image_9582.jpeg,Stenodema_laevigatum
image_9583.jpeg,Bembidion_quadrimaculatum
image_9584.jpeg,Agonum_muelleri
image_9585.jpeg,Nabis_brevis
image_9586.jpg,Ilyocoris_cimicoides
image_9587.jpeg,Rhinocoris_iracundus
image_9588.jpg,Carabus_cancellatus
image_9589.jpg,Rhinocoris_iracundus
image_9590.jpeg,Carabus_coriaceus
image_9591.jpeg,Bembidion_lampros
image_9592.jpeg,Bembidion_tetracolum
image_9593.jpeg,Carabus_coriaceus
image_9594.jpeg,Carabus_auratus
image_9595.jpeg,Lygocoris_pabulinus
image_9596.jpeg,Carabus_granulatus
image_9597.jpeg,Carabus_nemoralis
image_9598.jpeg,Rhinocoris_iracundus
image_9599.jpeg,Carabus_coriaceus
image_9600.jpeg,Carabus_granulatus
image_9601.jpg,Alydus_calcaratus
image_9602.jpg,Agonum_sexpunctatum
image_9603.jpeg,Carabus_monilis
image_9604.jpg,Leistus_ferrugineus
image_9605.jpeg,Bembidion_tetracolum
image_9606.jpg,Adelphocoris_seticornis
image_9607.jpeg,Alydus_calcaratus
image_9608.jpeg,Bembidion_tetracolum
image_9609.jpeg,Ischnodemus_sabuleti
image_9610.jpeg,Carabus_convexus
image_9611.jpeg,Ischnodemus_sabuleti
image_9612.jpeg,Bembidion_lampros
image_9613.jpg,Carabus_auratus
image_9614.jpeg,Capsodes_gothicus
image_9615.jpg,Alydus_calcaratus
image_9616.jpg,Bembidion_quadrimaculatum
image_9617.jpeg,Nepa_cinerea
image_9618.jpeg,Lygaeus_equestris
image_9619.jpeg,Hydrometra_stagnorum
image_9620.jpg,Bembidion_quadrimaculatum
image_9621.jpeg,Bembidion_quadrimaculatum
image_9622.jpeg,Carabus_auronitens
image_9623.jpg,Aelia_acuminata
image_9624.jpg,Eresus_annulatus
image_9625.jpg,Coreus_marginatus
image_9626.jpg,Nabis_brevis
image_9627.jpeg,Adelphocoris_seticornis
image_9628.jpeg,Corizus_hyoscyami
image_9629.jpg,Lygus_pratensis
image_9630.jpeg,Bembidion_quadrimaculatum
image_9631.jpeg,Carabus_auratus
image_9632.jpeg,Ilyocoris_cimicoides
image_9633.jpeg,Alydus_calcaratus
image_9634.jpeg,Nepa_cinerea
image_9635.jpeg,Eresus_annulatus
image_9636.jpg,Agonum_muelleri
image_9637.jpeg,Carabus_cancellatus
image_9638.jpeg,Corizus_hyoscyami
image_9639.jpg,Carpocoris_purpureipennis
image_9640.jpeg,Ilyocoris_cimicoides
image_9641.jpg,Bembidion_quadrimaculatum
image_9642.jpg,Leistus_ferrugineus
image_9643.jpg,Adelphocoris_seticornis
image_9644.jpeg,Carabus_convexus
image_9645.jpeg,Bembidion_tetracolum
image_9646.jpeg,Carabus_problematicus
image_9647.jpg,Bembidion_quadrimaculatum
image_9648.jpeg,Carpocoris_purpureipennis
image_9649.jpeg,Aelia_acuminata
image_9650.jpeg,Carabus_convexus
image_9651.jpeg,Corizus_hyoscyami
image_9652.jpeg,Ilyocoris_cimicoides
image_9653.jpg,Carabus_convexus
image_9654.jpeg,Lygocoris_pabulinus
image_9655.jpeg,Bembidion_quadrimaculatum
image_9656.jpeg,Lygaeus_equestris
image_9657.jpeg,Agonum_sexpunctatum
image_9658.jpeg,Bembidion_lampros
image_9659.jpeg,Carabus_cancellatus
image_9660.jpeg,Carabus_auratus
image_9661.jpeg,Lygaeus_equestris
image_9662.jpg,Coreus_marginatus
image_9663.jpeg,Bembidion_lampros
image_9664.jpeg,Carabus_cancellatus
image_9665.jpeg,Carabus_nemoralis
image_9666.jpeg,Bembidion_lampros
image_9667.jpg,Coreus_marginatus
image_9668.jpeg,Rhinocoris_iracundus
image_9669.jpeg,Bembidion_tetracolum
image_9670.jpeg,Lygocoris_pabulinus
image_9671.jpeg,Eresus_annulatus
image_9672.jpeg,Graphosoma_lineatum
image_9673.jpeg,Lygus_pratensis
image_9674.jpg,Dolycoris_baccarum
image_9675.jpg,Ischnodemus_sabuleti
image_9676.jpeg,Ilyocoris_cimicoides
image_9677.jpg,Bembidion_quadrimaculatum
image_9678.jpeg,Bembidion_quadrimaculatum
image_9679.jpeg,Dolycoris_baccarum
image_9680.jpeg,Carabus_convexus
image_9681.jpg,Eresus_annulatus
image_9682.jpg,Carabus_granulatus
image_9683.jpeg,Lygus_pratensis
image_9684.jpeg,Carabus_monilis
image_9685.jpeg,Aelia_acuminata
image_9686.jpeg,Carabus_cancellatus
image_9687.jpeg,Agonum_sexpunctatum
image_9688.jpeg,Capsodes_gothicus
image_9689.jpg,Carabus_auratus
image_9690.jpg,Leistus_ferrugineus
image_9691.jpg,Graphosoma_lineatum
image_9692.jpg,Agonum_muelleri
image_9693.jpeg,Lygus_pratensis
image_9694.png,Carabus_auratus
image_9695.jpg,Leistus_ferrugineus
image_9696.jpg,Agonum_muelleri
image_9697.jpeg,Carabus_granulatus
image_9698.jpeg,Carabus_problematicus
image_9699.jpg,Ilyocoris_cimicoides
image_9700.jpeg,Leistus_ferrugineus
image_9701.jpeg,Ischnodemus_sabuleti
image_9702.jpeg,Lygus_pratensis
image_9703.jpeg,Agonum_marginatum
image_9704.jpeg,Carabus_nemoralis
image_9705.jpg,Nebria_brevicollis
image_9706.jpg,Bembidion_lampros
image_9707.jpeg,Hydrometra_stagnorum
image_9708.jpeg,Leistus_ferrugineus
image_9709.jpeg,Carabus_nemoralis
image_9710.jpg,Ilyocoris_cimicoides
image_9711.jpeg,Bembidion_lampros
image_9712.jpeg,Ischnodemus_sabuleti
image_9713.jpeg,Carabus_auratus
image_9714.jpeg,Stenodema_laevigatum
image_9715.jpeg,Carabus_problematicus
image_9716.jpeg,Lygocoris_pabulinus
image_9717.jpg,Carabus_nemoralis
image_9718.jpeg,Bembidion_quadrimaculatum
image_9719.jpeg,Corizus_hyoscyami
image_9720.jpg,Carabus_cancellatus
image_9721.jpg,Leistus_ferrugineus
image_9722.jpeg,Agonum_sexpunctatum
image_9723.jpg,Leistus_ferrugineus
image_9724.jpeg,Nepa_cinerea
image_9725.jpeg,Carabus_cancellatus
image_9726.jpg,Nabis_brevis
image_9727.jpeg,Carabus_monilis
image_9728.jpeg,Alydus_calcaratus
image_9729.jpeg,Graphosoma_lineatum
image_9730.jpeg,Hydrometra_stagnorum
image_9731.jpeg,Agonum_sexpunctatum
image_9732.jpeg,Nepa_cinerea
image_9733.jpeg,Leistus_ferrugineus
image_9734.jpeg,Nabis_brevis
image_9735.png,Carabus_convexus
image_9736.jpg,Lygus_pratensis
image_9737.jpeg,Carabus_nemoralis
image_9738.jpeg,Carabus_problematicus
image_9739.jpeg,Bembidion_tetracolum
image_9740.jpg,Rhinocoris_iracundus
image_9741.jpg,Carabus_granulatus
image_9742.jpg,Nabis_brevis
image_9743.jpg,Nabis_brevis
image_9744.jpeg,Carabus_nemoralis
image_9745.jpg,Lygus_pratensis
image_9746.jpeg,Adelphocoris_seticornis
image_9747.jpg,Bembidion_tetracolum
image_9748.jpeg,Carabus_nemoralis
image_9749.jpeg,Coreus_marginatus
image_9750.jpeg,Carabus_problematicus
image_9751.jpeg,Carabus_nemoralis
image_9752.jpeg,Leistus_ferrugineus
image_9753.jpg,Carabus_granulatus
image_9754.jpeg,Stenodema_laevigatum
image_9755.jpg,Carabus_nemoralis
image_9756.jpeg,Lygus_pratensis
image_9757.jpeg,Carpocoris_purpureipennis
image_9758.jpeg,Dolycoris_baccarum
image_9759.jpeg,Rhinocoris_iracundus
image_9760.jpg,Carabus_granulatus
image_9761.jpg,Carabus_granulatus
image_9762.jpg,Carabus_convexus
image_9763.jpg,Carabus_nemoralis
image_9764.jpeg,Carabus_auronitens
image_9765.jpeg,Graphosoma_lineatum
image_9766.jpeg,Nepa_cinerea
image_9767.jpeg,Agonum_sexpunctatum
image_9768.jpeg,Aelia_acuminata
image_9769.jpeg,Carabus_convexus
image_9770.jpeg,Lygus_pratensis
image_9771.jpeg,Carpocoris_purpureipennis
image_9772.jpeg,Carabus_coriaceus
image_9773.jpg,Lygus_pratensis
image_9774.jpg,Lygocoris_pabulinus
image_9775.jpeg,Bembidion_lampros
image_9776.jpeg,Lygocoris_pabulinus
image_9777.jpeg,Lygocoris_pabulinus
image_9778.jpg,Ischnodemus_sabuleti
image_9779.jpeg,Stenodema_laevigatum
image_9780.jpeg,Carabus_convexus
image_9781.jpeg,Rhinocoris_iracundus
image_9782.jpg,Carabus_cancellatus
image_9783.jpeg,Rhinocoris_iracundus
image_9784.jpeg,Agonum_marginatum
image_9785.jpeg,Eresus_annulatus
image_9786.jpeg,Carabus_auronitens
image_9787.jpg,Hydrometra_stagnorum
image_9788.jpeg,Nebria_brevicollis
image_9789.jpeg,Carpocoris_purpureipennis
image_9790.jpg,Agonum_muelleri
image_9791.jpeg,Aelia_acuminata
image_9792.jpg,Lygaeus_equestris
image_9793.jpg,Lygocoris_pabulinus
image_9794.jpg,Ischnodemus_sabuleti
image_9795.jpeg,Bembidion_tetracolum
image_9796.jpg,Carabus_nemoralis
image_9797.jpg,Agonum_muelleri
image_9798.jpg,Nabis_brevis
image_9799.jpg,Carabus_problematicus
image_9800.jpeg,Carpocoris_purpureipennis
image_9801.jpg,Agonum_marginatum
image_9802.jpeg,Carabus_monilis
image_9803.jpeg,Hydrometra_stagnorum
image_9804.jpeg,Lygaeus_equestris
image_9805.jpg,Ischnodemus_sabuleti
image_9806.jpeg,Ilyocoris_cimicoides
image_9807.jpeg,Hydrometra_stagnorum
image_9808.jpg,Eresus_annulatus
image_9809.jpeg,Carabus_cancellatus
image_9810.jpg,Eresus_annulatus
image_9811.jpeg,Aelia_acuminata
image_9812.jpeg,Agonum_marginatum
image_9813.jpeg,Agonum_sexpunctatum
image_9814.jpeg,Bembidion_lampros
image_9815.jpeg,Carabus_nemoralis
image_9816.jpeg,Ilyocoris_cimicoides
image_9817.jpeg,Carabus_problematicus
image_9818.jpg,Bembidion_quadrimaculatum
image_9819.jpg,Lygocoris_pabulinus
image_9820.jpeg,Stenodema_laevigatum
image_9821.jpeg,Stenodema_laevigatum
image_9822.jpeg,Carabus_auronitens
image_9823.jpg,Carpocoris_purpureipennis
image_9824.jpeg,Carabus_auronitens
image_9825.jpg,Adelphocoris_seticornis
image_9826.jpeg,Graphosoma_lineatum
image_9827.jpeg,Carabus_granulatus
image_9828.jpeg,Graphosoma_lineatum
image_9829.jpeg,Corizus_hyoscyami
image_9830.jpeg,Carabus_monilis
image_9831.jpeg,Bembidion_lampros
image_9832.jpeg,Bembidion_lampros
image_9833.jpg,Capsodes_gothicus
image_9834.jpeg,Agonum_marginatum
image_9835.jpeg,Carabus_convexus
image_9836.jpg,Bembidion_quadrimaculatum
image_9837.jpeg,Stenodema_laevigatum
image_9838.jpg,Rhinocoris_iracundus
image_9839.jpeg,Bembidion_tetracolum
image_9840.jpeg,Agonum_marginatum
image_9841.jpeg,Agonum_muelleri
image_9842.jpeg,Carabus_problematicus
image_9843.jpeg,Carabus_problematicus
image_9844.jpeg,Rhinocoris_iracundus
image_9845.jpeg,Bembidion_quadrimaculatum
image_9846.jpeg,Leistus_ferrugineus
image_9847.jpeg,Carabus_coriaceus
image_9848.jpeg,Aelia_acuminata
image_9849.jpg,Bembidion_quadrimaculatum
image_9850.jpeg,Rhinocoris_iracundus
image_9851.jpeg,Carabus_cancellatus
image_9852.jpg,Carabus_auratus
image_9853.jpeg,Agonum_marginatum
image_9854.jpeg,Carabus_coriaceus
image_9855.jpeg,Alydus_calcaratus
image_9856.jpeg,Carabus_cancellatus
image_9857.jpeg,Nabis_brevis
image_9858.jpeg,Bembidion_lampros
image_9859.jpeg,Nepa_cinerea
image_9860.jpeg,Lygocoris_pabulinus
image_9861.jpeg,Carabus_nemoralis
image_9862.jpg,Eresus_annulatus
image_9863.jpeg,Agonum_muelleri
image_9864.jpeg,Carabus_auronitens
image_9865.jpg,Capsodes_gothicus
image_9866.jpeg,Carabus_auronitens
image_9867.jpeg,Carabus_coriaceus
image_9868.jpg,Agonum_muelleri
image_9869.jpeg,Dolycoris_baccarum
image_9870.jpeg,Carabus_monilis
image_9871.jpeg,Capsodes_gothicus
image_9872.jpeg,Alydus_calcaratus
image_9873.jpeg,Ischnodemus_sabuleti
image_9874.jpeg,Carabus_coriaceus
image_9875.jpeg,Rhinocoris_iracundus
image_9876.jpeg,Carabus_granulatus
image_9877.jpeg,Lygaeus_equestris
image_9878.jpeg,Lygaeus_equestris
image_9879.jpeg,Carabus_convexus
image_9880.jpeg,Carabus_granulatus
image_9881.jpeg,Stenodema_laevigatum
image_9882.jpg,Carabus_monilis
image_9883.jpeg,Rhinocoris_iracundus
image_9884.jpg,Bembidion_quadrimaculatum
image_9885.jpeg,Rhinocoris_iracundus
image_9886.jpeg,Capsodes_gothicus
image_9887.jpeg,Corizus_hyoscyami
image_9888.jpeg,Agonum_marginatum
image_9889.jpeg,Carabus_convexus
image_9890.jpeg,Carabus_granulatus
image_9891.jpeg,Carabus_monilis
image_9892.jpg,Ilyocoris_cimicoides
image_9893.jpg,Carabus_cancellatus
image_9894.jpeg,Ischnodemus_sabuleti
image_9895.jpeg,Adelphocoris_seticornis
image_9896.jpg,Carabus_convexus
image_9897.jpeg,Rhinocoris_iracundus
image_9898.jpeg,Carabus_monilis
image_9899.jpg,Nabis_brevis
image_9900.jpg,Bembidion_tetracolum
image_9901.jpeg,Coreus_marginatus
image_9902.jpeg,Bembidion_lampros
image_9903.jpg,Carabus_auratus
image_9904.jpeg,Leistus_ferrugineus
image_9905.jpg,Rhinocoris_iracundus
image_9906.jpeg,Adelphocoris_seticornis
image_9907.jpeg,Carabus_monilis
image_9908.jpeg,Bembidion_quadrimaculatum
image_9909.jpg,Lygocoris_pabulinus
image_9910.jpeg,Carabus_problematicus
image_9911.jpg,Capsodes_gothicus
image_9912.jpeg,Agonum_sexpunctatum
image_9913.jpg,Agonum_muelleri
image_9914.jpg,Lygus_pratensis
image_9915.jpeg,Agonum_muelleri
image_9916.jpg,Lygaeus_equestris
image_9917.jpeg,Bembidion_lampros
image_9918.jpeg,Carabus_granulatus
image_9919.jpg,Rhinocoris_iracundus
image_9920.jpeg,Carabus_convexus
image_9921.jpeg,Alydus_calcaratus
image_9922.jpg,Lygus_pratensis
image_9923.jpeg,Corizus_hyoscyami
image_9924.jpeg,Agonum_sexpunctatum
image_9925.jpeg,Carabus_nemoralis
image_9926.jpeg,Lygocoris_pabulinus
image_9927.jpg,Bembidion_quadrimaculatum
image_9928.jpeg,Stenodema_laevigatum
image_9929.jpeg,Stenodema_laevigatum
image_9930.jpeg,Carabus_coriaceus
image_9931.jpeg,Alydus_calcaratus
image_9932.jpeg,Carabus_granulatus
image_9933.jpeg,Rhinocoris_iracundus
image_9934.jpeg,Carabus_auratus
image_9935.jpeg,Carabus_monilis
image_9936.jpg,Agonum_muelleri
image_9937.jpeg,Corizus_hyoscyami
image_9938.jpg,Bembidion_tetracolum
image_9939.jpeg,Eresus_annulatus
image_9940.jpeg,Eresus_annulatus
image_9941.jpg,Bembidion_tetracolum
image_9942.jpeg,Carabus_problematicus
image_9943.jpeg,Bembidion_lampros
image_9944.jpg,Leistus_ferrugineus
image_9945.jpg,Nabis_brevis
image_9946.jpeg,Carabus_convexus
image_9947.jpeg,Carabus_problematicus
image_9948.jpeg,Nebria_brevicollis
image_9949.jpeg,Agonum_marginatum
image_9950.jpeg,Coreus_marginatus
image_9951.jpeg,Carabus_convexus
image_9952.jpg,Ilyocoris_cimicoides
image_9953.jpeg,Corizus_hyoscyami
image_9954.jpg,Ischnodemus_sabuleti
image_9955.jpeg,Rhinocoris_iracundus
image_9956.jpeg,Hydrometra_stagnorum
image_9957.jpg,Graphosoma_lineatum
image_9958.jpeg,Carabus_auratus
image_9959.jpeg,Agonum_sexpunctatum
image_9960.jpeg,Stenodema_laevigatum
image_9961.jpeg,Carabus_auronitens
image_9962.jpeg,Capsodes_gothicus
image_9963.jpeg,Alydus_calcaratus
image_9964.jpeg,Stenodema_laevigatum
image_9965.jpeg,Stenodema_laevigatum
image_9966.jpeg,Carabus_convexus
image_9967.jpeg,Carabus_cancellatus
image_9968.jpeg,Agonum_muelleri
image_9969.jpeg,Carabus_granulatus
image_9970.jpeg,Lygus_pratensis
image_9971.jpeg,Agonum_muelleri
image_9972.jpeg,Carabus_granulatus
image_9973.jpeg,Carpocoris_purpureipennis
image_9974.jpeg,Corizus_hyoscyami
image_9975.jpeg,Rhinocoris_iracundus
image_9976.jpeg,Ilyocoris_cimicoides
image_9977.jpg,Stenodema_laevigatum
image_9978.jpeg,Carabus_convexus
image_9979.jpeg,Carabus_problematicus
image_9980.jpeg,Alydus_calcaratus
image_9981.jpeg,Agonum_muelleri
image_9982.jpeg,Carabus_nemoralis
image_9983.jpeg,Carabus_problematicus
image_9984.jpeg,Ilyocoris_cimicoides
image_9985.jpeg,Bembidion_quadrimaculatum
image_9986.jpeg,Carabus_coriaceus
image_9987.jpeg,Adelphocoris_seticornis
image_9988.jpeg,Carabus_convexus
image_9989.jpeg,Carabus_cancellatus
image_9990.jpg,Nepa_cinerea
image_9991.jpeg,Hydrometra_stagnorum
image_9992.jpeg,Aelia_acuminata
image_9993.jpg,Bembidion_lampros
image_9994.jpeg,Carabus_nemoralis
image_9995.jpeg,Alydus_calcaratus
image_9996.jpg,Agonum_muelleri
image_9997.jpeg,Dolycoris_baccarum
image_9998.jpeg,Bembidion_lampros
image_9999.jpg,Capsodes_gothicus
